Title,Total,Students,Staff
"Cumulative Reported Cases: September 08, 2022 - April 26, 2023 at 6 PM","81,963","49,412","32,551"
"Cumulative Reported Cases: September 08, 2022 - April 25, 2023 at 6 PM","81,922","49,399","32,523"
"Cumulative Reported Cases: September 08, 2022 - April 23, 2023 at 6 PM","81,784","49,351","32,433"
"Cumulative Reported Cases: September 08, 2022 - April 20, 2023 at 6 PM","81,779","49,350","32,429"
"Cumulative Reported Cases: September 08, 2022 - April 19, 2023 at 6 PM","81,741","49,333","32,408"
"Cumulative Reported Cases: September 08, 2022 - April 18, 2023 at 6 PM","81,710","49,320","32,390"
"Cumulative Reported Cases: September 08, 2022 - April 17, 2023 at 6 PM","81,626","49,289","32,337"
"Cumulative Reported Cases: September 08, 2022 - April 16, 2023 at 6 PM","81,527","49,265","32,262"
"Cumulative Reported Cases: September 08, 2022 - April 10, 2023 at 6 PM","81,510","49,258","32,252"
"Cumulative Reported Cases: September 08, 2022 - April 07, 2023 at 6 PM","81,503","49,256","32,247"
"Cumulative Reported Cases: September 08, 2022 - April 04, 2023 at 6 PM","81,457","49,238","32,219"
"Cumulative Reported Cases: September 08, 2022 - April 03, 2023 at 6 PM","81,400","49,203","32,197"
"Cumulative Reported Cases: September 08, 2022 - March 31, 2023 at 6 PM","81,291","49,158","32,133"
"Cumulative Reported Cases: September 08, 2022 - March 30, 2023 at 6 PM","81,232","49,134","32,098"
"Cumulative Reported Cases: September 08, 2022 - March 29, 2023 at 6 PM","81,171","49,103","32,068"
"Cumulative Reported Cases: September 08, 2022 - March 28, 2023 at 6 PM","81,087","49,066","32,021"
"Cumulative Reported Cases: September 08, 2022 - March 27, 2023 at 6 PM","80,957","49,018","31,939"
"Cumulative Reported Cases: September 08, 2022 - March 26, 2023 at 6 PM","80,782","48,961","31,821"
"Cumulative Reported Cases: September 08, 2022 - March 24, 2023 at 6 PM","80,772","48,959","31,813"
"Cumulative Reported Cases: September 08, 2022 - March 23, 2023 at 6 PM","80,686","48,919","31,767"
"Cumulative Reported Cases: September 08, 2022 - March 22, 2023 at 6 PM","80,602","48,872","31,730"
"Cumulative Reported Cases: September 08, 2022 - March 21, 2023 at 6 PM","80,518","48,826","31,692"
"Cumulative Reported Cases: September 08, 2022 - March 20, 2023 at 6 PM","80,378","48,761","31,617"
"Cumulative Reported Cases: September 08, 2022 - March 19, 2023 at 6 PM","80,137","48,677","31,460"
"Cumulative Reported Cases: September 08, 2022 - March 16, 2023 at 6 PM","80,046","48,630","31,416"
"Cumulative Reported Cases: September 08, 2022 - March 15, 2023 at 6 PM","79,956","48,573","31,383"
"Cumulative Reported Cases: September 08, 2022 - March 14, 2023 at 6 PM","79,814","48,490","31,324"
"Cumulative Reported Cases: September 08, 2022 - March 13, 2023 at 6 PM","79,683","48,425","31,258"
"Cumulative Reported Cases: September 08, 2022 - March 10, 2023 at 6 PM","79,469","48,367","31,102"
"Cumulative Reported Cases: September 08, 2022 - March 09, 2023 at 6 PM","79,387","48,323","31,064"
"Cumulative Reported Cases: September 08, 2022 - March 08, 2023 at 6 PM","79,293","48,276","31,017"
"Cumulative Reported Cases: September 08, 2022 - March 07, 2023 at 6 PM","79,206","48,226","30,980"
"Cumulative Reported Cases: September 08, 2022 - March 06, 2023 at 6 PM","79,058","48,153","30,905"
"Cumulative Reported Cases: September 08, 2022 - March 05, 2023 at 6 PM","78,836","48,061","30,775"
"Cumulative Reported Cases: September 08, 2022 - March 03, 2023 at 6 PM","78,827","48,061","30,766"
"Cumulative Reported Cases: September 08, 2022 - March 02, 2023 at 6 PM","78,764","48,027","30,737"
"Cumulative Reported Cases: September 08, 2022 - March 01, 2023 at 6 PM","78,663","47,972","30,691"
"Cumulative Reported Cases: September 08, 2022 - February 28, 2023 at 6 PM","78,544","47,928","30,616"
"Cumulative Reported Cases: September 08, 2022 - February 27, 2023 at 6 PM","78,400","47,860","30,540"
"Cumulative Reported Cases: September 08, 2022 - February 26, 2023 at 6 PM","78,114","47,758","30,356"
"Cumulative Reported Cases: September 08, 2022 - February 23, 2023 at 6 PM","78,095","47,756","30,339"
"Cumulative Reported Cases: September 08, 2022 - February 21, 2023 at 6 PM","78,085","47,749","30,336"
"Cumulative Reported Cases: September 08, 2022 - February 20, 2023 at 6 PM","78,071","47,744","30,327"
"Cumulative Reported Cases: September 08, 2022 - February 17, 2023 at 6 PM","78,066","47,743","30,323"
"Cumulative Reported Cases: September 08, 2022 - February 16, 2023 at 6 PM","77,934","47,658","30,276"
"Cumulative Reported Cases: September 08, 2022 - February 15, 2023 at 6 PM","77,771","47,552","30,219"
"Cumulative Reported Cases: September 08, 2022 - February 14, 2023 at 6 PM","77,562","47,421","30,141"
"Cumulative Reported Cases: September 08, 2022 - February 13, 2023 at 6 PM","77,314","47,282","30,032"
"Cumulative Reported Cases: September 08, 2022 - February 12, 2023 at 6 PM","76,873","47,041","29,832"
"Cumulative Reported Cases: September 08, 2022 - February 10, 2023 at 6 PM","76,855","47,033","29,822"
"Cumulative Reported Cases: September 08, 2022 - February 09, 2023 at 6 PM","76,634","46,881","29,753"
"Cumulative Reported Cases: September 08, 2022 - February 08, 2023 at 6 PM","76,385","46,725","29,660"
"Cumulative Reported Cases: September 08, 2022 - February 07, 2023 at 6 PM","76,104","46,545","29,559"
"Cumulative Reported Cases: September 08, 2022 - February 06, 2023 at 6 PM","75,753","46,328","29,425"
"Cumulative Reported Cases: September 08, 2022 - February 05, 2023 at 6 PM","75,123","45,989","29,134"
"Cumulative Reported Cases: September 08, 2022 - February 03, 2023 at 6 PM","75,101","45,982","29,119"
"Cumulative Reported Cases: September 08, 2022 - February 02, 2023 at 6 PM","74,768","45,761","29,007"
"Cumulative Reported Cases: September 08, 2022 - February 01, 2023 at 6 PM","74,350","45,469","28,881"
"Cumulative Reported Cases: September 08, 2022 - January 31, 2023 at 6 PM","73,924","45,226","28,698"
"Cumulative Reported Cases: September 08, 2022 - January 30, 2023 at 6 PM","73,312","44,832","28,480"
"Cumulative Reported Cases: September 08, 2022 - January 29, 2023 at 6 PM","72,442","44,344","28,098"
"Cumulative Reported Cases: September 08, 2022 - January 27, 2023 at 6 PM","72,371","44,307","28,064"
"Cumulative Reported Cases: September 08, 2022 - January 26, 2023 at 6 PM","72,016","44,079","27,937"
"Cumulative Reported Cases: September 08, 2022 - January 25, 2023 at 6 PM","71,550","43,775","27,775"
"Cumulative Reported Cases: September 08, 2022 - January 24, 2023 at 6 PM","71,064","43,495","27,569"
"Cumulative Reported Cases: September 08, 2022 - January 23, 2023 at 6 PM","70,374","43,053","27,321"
"Cumulative Reported Cases: September 08, 2022 - January 22, 2023 at 6 PM","69,291","42,466","26,825"
"Cumulative Reported Cases: September 08, 2022 - January 20, 2023 at 6 PM","69,205","42,418","26,787"
"Cumulative Reported Cases: September 08, 2022 - January 19, 2023 at 6 PM","68,738","42,101","26,637"
"Cumulative Reported Cases: September 08, 2022 - January 18, 2023 at 6 PM","68,125","41,688","26,437"
"Cumulative Reported Cases: September 08, 2022 - January 17, 2023 at 6 PM","67,234","41,094","26,140"
"Cumulative Reported Cases: September 08, 2022 - January 16, 2023 at 6 PM","65,836","40,261","25,575"
"Cumulative Reported Cases: September 08, 2022 - January 15, 2023 at 6 PM","65,768","40,225","25,543"
"Cumulative Reported Cases: September 08, 2022 - January 13, 2023 at 6 PM","65,710","40,197","25,513"
"Cumulative Reported Cases: September 08, 2022 - January 12, 2023 at 6 PM","65,159","39,822","25,337"
"Cumulative Reported Cases: September 08, 2022 - January 11, 2023 at 6 PM","64,595","39,447","25,148"
"Cumulative Reported Cases: September 08, 2022 - January 10, 2023 at 6 PM","63,974","39,035","24,939"
"Cumulative Reported Cases: September 08, 2022 - January 09, 2023 at 6 PM","63,145","38,544","24,601"
"Cumulative Reported Cases: September 08, 2022 - January 08, 2023 at 6 PM","62,043","37,920","24,123"
"Cumulative Reported Cases: September 08, 2022 - January 06, 2023 at 6 PM","61,986","37,901","24,085"
"Cumulative Reported Cases: September 08, 2022 - January 05, 2023 at 6 PM","61,470","37,594","23,876"
"Cumulative Reported Cases: September 08, 2022 - January 04, 2023 at 6 PM","60,821","37,150","23,671"
"Cumulative Reported Cases: September 08, 2022 - January 03, 2023 at 6 PM","60,086","36,716","23,370"
"Cumulative Reported Cases: September 08, 2022 - January 02, 2023 at 6 PM","58,472","36,040","22,432"
"Cumulative Reported Cases: September 08, 2022 - January 01, 2023 at 6 PM","58,397","36,026","22,371"
"Cumulative Reported Cases: September 08, 2022 - December 29, 2022 at 6 PM","58,353","36,009","22,344"
"Cumulative Reported Cases: September 08, 2022 - December 28, 2022 at 6 PM","58,347","36,007","22,340"
"Cumulative Reported Cases: September 08, 2022 - December 27, 2022 at 6 PM","58,331","35,995","22,336"
"Cumulative Reported Cases: September 08, 2022 - December 26, 2022 at 6 PM","58,318","35,989","22,329"
"Cumulative Reported Cases: September 08, 2022 - December 25, 2022 at 6 PM","58,311","35,988","22,323"
"Cumulative Reported Cases: September 08, 2022 - December 23, 2022 at 6 PM","58,295","35,983","22,312"
"Cumulative Reported Cases: September 08, 2022 - December 22, 2022 at 6 PM","57,759","35,668","22,091"
"Cumulative Reported Cases: September 08, 2022 - December 21, 2022 at 6 PM","56,944","35,148","21,796"
"Cumulative Reported Cases: September 08, 2022 - December 20, 2022 at 6 PM","55,903","34,487","21,416"
"Cumulative Reported Cases: September 08, 2022 - December 19, 2022 at 6 PM","54,596","33,686","20,910"
"Cumulative Reported Cases: September 08, 2022 - December 18, 2022 at 6 PM","52,638","32,638","20,000"
"Cumulative Reported Cases: September 08, 2022 - December 16, 2022 at 6 PM","52,508","32,598","19,910"
"Cumulative Reported Cases: September 08, 2022 - December 15, 2022 at 6 PM","51,574","32,001","19,573"
"Cumulative Reported Cases: September 08, 2022 - December 14, 2022 at 6 PM","50,655","31,421","19,234"
"Cumulative Reported Cases: September 08, 2022 - December 13, 2022 at 6 PM","49,569","30,729","18,840"
"Cumulative Reported Cases: September 08, 2022 - December 12, 2022 at 6 PM","48,265","29,955","18,310"
"Cumulative Reported Cases: September 08, 2022 - December 11, 2022 at 6 PM","46,407","28,925","17,482"
"Cumulative Reported Cases: September 08, 2022 - December 09, 2022 at 6 PM","46,278","28,881","17,397"
"Cumulative Reported Cases: September 08, 2022 - December 08, 2022 at 6 PM","45,542","28,397","17,145"
"Cumulative Reported Cases: September 08, 2022 - December 07, 2022 at 6 PM","44,599","27,780","16,819"
"Cumulative Reported Cases: September 08, 2022 - December 06, 2022 at 6 PM","43,611","27,162","16,449"
"Cumulative Reported Cases: September 08, 2022 - December 05, 2022 at 6 PM","42,480","26,467","16,013"
"Cumulative Reported Cases: September 08, 2022 - December 04, 2022 at 6 PM","40,777","25,530","15,247"
"Cumulative Reported Cases: September 08, 2022 - December 02, 2022 at 6 PM","40,647","25,462","15,185"
"Cumulative Reported Cases: September 08, 2022 - December 01, 2022 at 6 PM","39,887","24,965","14,922"
"Cumulative Reported Cases: September 08, 2022 - November 30, 2022 at 6 PM","39,061","24,424","14,637"
"Cumulative Reported Cases: September 08, 2022 - November 29, 2022 at 6 PM","38,081","23,772","14,309"
"Cumulative Reported Cases: September 08, 2022 - November 28, 2022 at 6 PM","36,853","23,012","13,841"
"Cumulative Reported Cases: September 08, 2022 - November 27, 2022 at 6 PM","34,683","21,893","12,790"
"Cumulative Reported Cases: September 08, 2022 - November 24, 2022 at 6 PM","34,525","21,849","12,676"
"Cumulative Reported Cases: September 08, 2022 - November 23, 2022 at 6 PM","34,505","21,841","12,664"
"Cumulative Reported Cases: September 08, 2022 - November 22, 2022 at 6 PM","33,958","21,478","12,480"
"Cumulative Reported Cases: September 08, 2022 - November 21, 2022 at 6 PM","33,201","20,995","12,206"
"Cumulative Reported Cases: September 08, 2022 - November 20, 2022 at 6 PM","32,001","20,303","11,698"
"Cumulative Reported Cases: September 08, 2022 - November 18, 2022 at 6 PM","31,921","20,273","11,648"
"Cumulative Reported Cases: September 08, 2022 - November 17, 2022 at 6 PM","31,408","19,968","11,440"
"Cumulative Reported Cases: September 08, 2022 - November 16, 2022 at 6 PM","30,874","19,650","11,224"
"Cumulative Reported Cases: September 08, 2022 - November 15, 2022 at 6 PM","30,297","19,312","10,985"
"Cumulative Reported Cases: September 08, 2022 - November 14, 2022 at 6 PM","29,654","18,961","10,693"
"Cumulative Reported Cases: September 08, 2022 - November 13, 2022 at 6 PM","28,401","18,293","10,108"
"Cumulative Reported Cases: September 08, 2022 - November 11, 2022 at 6 PM","28,317","18,257","10,060"
"Cumulative Reported Cases: September 08, 2022 - November 10, 2022 at 6 PM","28,263","18,238","10,025"
"Cumulative Reported Cases: September 08, 2022 - November 09, 2022 at 6 PM","27,737","17,866","9,871"
"Cumulative Reported Cases: September 08, 2022 - November 08, 2022 at 6 PM","27,030","17,373","9,657"
"Cumulative Reported Cases: September 08, 2022 - November 07, 2022 at 6 PM","26,640","17,181","9,459"
"Cumulative Reported Cases: September 08, 2022 - November 06, 2022 at 6 PM","25,476","16,493","8,983"
"Cumulative Reported Cases: September 08, 2022 - November 04, 2022 at 6 PM","25,394","16,459","8,935"
"Cumulative Reported Cases: September 08, 2022 - November 03, 2022 at 6 PM","24,788","16,066","8,722"
"Cumulative Reported Cases: September 08, 2022 - November 02, 2022 at 6 PM","24,199","15,680","8,519"
"Cumulative Reported Cases: September 08, 2022 - November 01, 2022 at 6 PM","23,570","15,270","8,300"
"Cumulative Reported Cases: September 08, 2022 - October 31, 2022 at 6 PM","22,820","14,815","8,005"
"Cumulative Reported Cases: September 08, 2022 - October 30, 2022 at 6 PM","21,907","14,285","7,622"
"Cumulative Reported Cases: September 08, 2022 - October 28, 2022 at 6 PM","21,856","14,265","7,591"
"Cumulative Reported Cases: September 08, 2022 - October 27, 2022 at 6 PM","21,418","13,988","7,430"
"Cumulative Reported Cases: September 08, 2022 - October 26, 2022 at 6 PM","20,958","13,696","7,262"
"Cumulative Reported Cases: September 08, 2022 - October 25, 2022 at 6 PM","20,434","13,370","7,064"
"Cumulative Reported Cases: September 08, 2022 - October 24, 2022 at 6 PM","19,858","13,028","6,830"
"Cumulative Reported Cases: September 08, 2022 - October 23, 2022 at 6 PM","18,918","12,486","6,432"
"Cumulative Reported Cases: September 08, 2022 - October 21, 2022 at 6 PM","18,857","12,462","6,395"
"Cumulative Reported Cases: September 08, 2022 - October 20, 2022 at 6 PM","18,551","12,246","6,305"
"Cumulative Reported Cases: September 08, 2022 - October 19, 2022 at 6 PM","18,199","12,012","6,187"
"Cumulative Reported Cases: September 08, 2022 - October 18, 2022 at 6 PM","17,782","11,741","6,041"
"Cumulative Reported Cases: September 08, 2022 - October 17, 2022 at 6 PM","17,340","11,455","5,885"
"Cumulative Reported Cases: September 08, 2022 - October 16, 2022 at 6 PM","16,599","11,005","5,594"
"Cumulative Reported Cases: September 08, 2022 - October 14, 2022 at 6 PM","16,543","10,979","5,564"
"Cumulative Reported Cases: September 08, 2022 - October 13, 2022 at 6 PM","16,265","10,799","5,466"
"Cumulative Reported Cases: September 08, 2022 - October 12, 2022 at 6 PM","15,901","10,575","5,326"
"Cumulative Reported Cases: September 08, 2022 - October 11, 2022 at 6 PM","15,348","10,227","5,121"
"Cumulative Reported Cases: September 08, 2022 - October 10, 2022 at 6 PM","14,472","9,717","4,755"
"Cumulative Reported Cases: September 08, 2022 - October 09, 2022 at 6 PM","14,410","9,695","4,715"
"Cumulative Reported Cases: September 08, 2022 - October 07, 2022 at 6 PM","14,376","9,678","4,698"
"Cumulative Reported Cases: September 08, 2022 - October 06, 2022 at 6 PM","14,006","9,425","4,581"
"Cumulative Reported Cases: September 08, 2022 - October 05, 2022 at 6 PM","13,394","9,037","4,357"
"Cumulative Reported Cases: September 08, 2022 - October 04, 2022 at 6 PM","13,331","9,002","4,329"
"Cumulative Reported Cases: September 08, 2022 - October 03, 2022 at 6 PM","12,782","8,670","4,112"
"Cumulative Reported Cases: September 13, 2021 - October 02, 2022 at 6 PM","267,112","198,886","68,226"
"Cumulative Reported Cases: September 13, 2021 - September 30, 2022 at 6 PM","267,112","198,886","68,226"
"Cumulative Reported Cases: September 13, 2021 - September 29, 2022 at 6 PM","266,785","198,676","68,109"
"Cumulative Reported Cases: September 13, 2021 - September 28, 2022 at 6 PM","266,146","198,235","67,911"
"Cumulative Reported Cases: September 13, 2021 - September 27, 2022 at 6 PM","264,662","197,316","67,346"
"Cumulative Reported Cases: September 13, 2021 - September 26, 2022 at 6 PM","264,533","197,261","67,272"
"Cumulative Reported Cases: September 13, 2021 - September 25, 2022 at 6 PM","264,423","197,209","67,214"
"Cumulative Reported Cases: September 13, 2021 - September 23, 2022 at 6 PM","264,376","197,183","67,193"
"Cumulative Reported Cases: September 13, 2021 - September 22, 2022 at 6 PM","263,813","196,761","67,052"
"Cumulative Reported Cases: September 13, 2021 - September 21, 2022 at 6 PM","263,044","196,217","66,827"
"Cumulative Reported Cases: September 13, 2021 - September 20, 2022 at 6 PM","262,126","195,559","66,567"
"Cumulative Reported Cases: September 13, 2021 - September 19, 2022 at 6 PM","260,888","194,676","66,212"
"Cumulative Reported Cases: September 13, 2021 - September 18, 2022 at 6 PM","259,072","193,424","65,648"
"Cumulative Reported Cases: September 13, 2021 - September 16, 2022 at 6 PM","258,879","193,308","65,571"
"Cumulative Reported Cases: September 13, 2021 - September 15, 2022 at 6 PM","258,152","192,780","65,372"
"Cumulative Reported Cases: September 13, 2021 - September 14, 2022 at 6 PM","257,526","192,320","65,206"
"Cumulative Reported Cases: September 13, 2021 - September 13, 2022 at 6 PM","256,984","191,927","65,057"
"Cumulative Reported Cases: September 13, 2021 - September 12, 2022 at 6 PM","256,293","191,400","64,893"
"Cumulative Reported Cases: September 13, 2021 - September 11, 2022 at 6 PM","255,504","190,888","64,616"
"Cumulative Reported Cases: September 13, 2021 - September 09, 2022 at 6 PM","255,421","190,863","64,558"
"Cumulative Reported Cases: September 13, 2021 - September 08, 2022 at 6 PM","255,198","190,740","64,458"
"Cumulative Reported Cases: September 13, 2021 - September 07, 2022 at 6 PM","255,056","190,680","64,376"
"Cumulative Reported Cases: September 13, 2021 - September 06, 2022 at 6 PM","254,900","190,630","64,270"
"Cumulative Reported Cases: September 13, 2021 - September 05, 2022 at 6 PM","254,752","190,563","64,189"
"Cumulative Reported Cases: September 13, 2021 - September 04, 2022 at 6 PM","254,736","190,563","64,173"
"Cumulative Reported Cases: September 13, 2021 - September 02, 2022 at 6 PM","254,731","190,563","64,168"
"Cumulative Reported Cases: September 13, 2021 - September 01, 2022 at 6 PM","254,686","190,536","64,150"
"Cumulative Reported Cases: September 13, 2021 - August 31, 2022 at 6 PM","254,653","190,521","64,132"
"Cumulative Reported Cases: September 13, 2021 - August 29, 2022 at 6 PM","254,579","190,482","64,097"
"Cumulative Reported Cases: September 13, 2021 - August 28, 2022 at 6 PM","254,520","190,445","64,075"
"Cumulative Reported Cases: September 13, 2021 - August 26, 2022 at 6 PM","254,518","190,445","64,073"
"Cumulative Reported Cases: September 13, 2021 - August 25, 2022 at 6 PM","254,493","190,433","64,060"
"Cumulative Reported Cases: September 13, 2021 - August 24, 2022 at 6 PM","254,460","190,411","64,049"
"Cumulative Reported Cases: September 13, 2021 - August 23, 2022 at 6 PM","254,433","190,399","64,034"
"Cumulative Reported Cases: September 13, 2021 - August 22, 2022 at 6 PM","254,401","190,383","64,018"
"Cumulative Reported Cases: September 13, 2021 - August 21, 2022 at 6 PM","254,337","190,350","63,987"
"Cumulative Reported Cases: September 13, 2021 - August 19, 2022 at 6 PM","254,336","190,350","63,986"
"Cumulative Reported Cases: September 13, 2021 - August 18, 2022 at 6 PM","254,320","190,341","63,979"
"Cumulative Reported Cases: September 13, 2021 - August 17, 2022 at 6 PM","254,298","190,328","63,970"
"Cumulative Reported Cases: September 13, 2021 - August 16, 2022 at 6 PM","254,270","190,314","63,956"
"Cumulative Reported Cases: September 13, 2021 - August 15, 2022 at 6 PM","254,240","190,301","63,939"
"Cumulative Reported Cases: September 13, 2021 - August 14, 2022 at 6 PM","254,185","190,286","63,899"
"Cumulative Reported Cases: September 13, 2021 - August 12, 2022 at 6 PM","254,183","190,285","63,898"
"Cumulative Reported Cases: September 13, 2021 - August 11, 2022 at 6 PM","254,137","190,266","63,871"
"Cumulative Reported Cases: September 13, 2021 - August 10, 2022 at 6 PM","254,040","190,198","63,842"
"Cumulative Reported Cases: September 13, 2021 - August 09, 2022 at 6 PM","253,886","190,101","63,785"
"Cumulative Reported Cases: September 13, 2021 - August 08, 2022 at 6 PM","253,710","189,985","63,725"
"Cumulative Reported Cases: September 13, 2021 - August 07, 2022 at 6 PM","253,457","189,865","63,592"
"Cumulative Reported Cases: September 13, 2021 - August 05, 2022 at 6 PM","253,446","189,863","63,583"
"Cumulative Reported Cases: September 13, 2021 - August 04, 2022 at 6 PM","253,322","189,796","63,526"
"Cumulative Reported Cases: September 13, 2021 - August 03, 2022 at 6 PM","253,119","189,651","63,468"
"Cumulative Reported Cases: September 13, 2021 - August 02, 2022 at 6 PM","252,860","189,456","63,404"
"Cumulative Reported Cases: September 13, 2021 - August 01, 2022 at 6 PM","252,648","189,309","63,339"
"Cumulative Reported Cases: September 13, 2021 - July 31, 2022 at 6 PM","252,298","189,102","63,196"
"Cumulative Reported Cases: September 13, 2021 - July 29, 2022 at 6 PM","252,285","189,100","63,185"
"Cumulative Reported Cases: September 13, 2021 - July 28, 2022 at 6 PM","252,127","188,994","63,133"
"Cumulative Reported Cases: September 13, 2021 - July 27, 2022 at 6 PM","251,844","188,778","63,066"
"Cumulative Reported Cases: September 13, 2021 - July 26, 2022 at 6 PM","251,543","188,562","62,981"
"Cumulative Reported Cases: September 13, 2021 - July 25, 2022 at 6 PM","251,176","188,317","62,859"
"Cumulative Reported Cases: September 13, 2021 - July 24, 2022 at 6 PM","250,695","188,022","62,673"
"Cumulative Reported Cases: September 13, 2021 - July 22, 2022 at 6 PM","250,678","188,014","62,664"
"Cumulative Reported Cases: September 13, 2021 - July 21, 2022 at 6 PM","250,461","187,870","62,591"
"Cumulative Reported Cases: September 13, 2021 - July 20, 2022 at 6 PM","250,176","187,649","62,527"
"Cumulative Reported Cases: September 13, 2021 - July 19, 2022 at 6 PM","249,900","187,467","62,433"
"Cumulative Reported Cases: September 13, 2021 - July 18, 2022 at 6 PM","249,525","187,193","62,332"
"Cumulative Reported Cases: September 13, 2021 - July 17, 2022 at 6 PM","249,067","186,912","62,155"
"Cumulative Reported Cases: September 13, 2021 - July 15, 2022 at 6 PM","249,047","186,906","62,141"
"Cumulative Reported Cases: September 13, 2021 - July 14, 2022 at 6 PM","248,873","186,794","62,079"
"Cumulative Reported Cases: September 13, 2021 - July 13, 2022 at 6 PM","248,646","186,649","61,997"
"Cumulative Reported Cases: September 13, 2021 - July 12, 2022 at 6 PM","248,371","186,489","61,882"
"Cumulative Reported Cases: September 13, 2021 - July 11, 2022 at 6 PM","248,159","186,348","61,811"
"Cumulative Reported Cases: September 13, 2021 - July 10, 2022 at 6 PM","247,881","186,205","61,676"
"Cumulative Reported Cases: September 13, 2021 - July 08, 2022 at 6 PM","247,875","186,205","61,670"
"Cumulative Reported Cases: September 13, 2021 - July 07, 2022 at 6 PM","247,796","186,170","61,626"
"Cumulative Reported Cases: September 13, 2021 - July 06, 2022 at 6 PM","247,696","186,116","61,580"
"Cumulative Reported Cases: September 13, 2021 - July 05, 2022 at 6 PM","247,611","186,092","61,519"
"Cumulative Reported Cases: September 13, 2021 - July 04, 2022 at 6 PM","247,521","186,071","61,450"
"Cumulative Reported Cases: September 13, 2021 - July 03, 2022 at 6 PM","247,514","186,071","61,443"
"Cumulative Reported Cases: September 13, 2021 - July 01, 2022 at 6 PM","247,504","186,071","61,433"
"Cumulative Reported Cases: September 13, 2021 - June 30, 2022 at 6 PM","247,468","186,068","61,400"
"Cumulative Reported Cases: September 13, 2021 - June 29, 2022 at 6 PM","247,396","186,051","61,345"
"Cumulative Reported Cases: September 13, 2021 - June 28, 2022 at 6 PM","247,318","186,030","61,288"
"Cumulative Reported Cases: September 13, 2021 - June 27, 2022 at 6 PM","247,134","185,992","61,142"
"Cumulative Reported Cases: September 13, 2021 - June 26, 2022 at 6 PM","246,547","185,706","60,841"
"Cumulative Reported Cases: September 13, 2021 - June 24, 2022 at 6 PM","246,435","185,640","60,795"
"Cumulative Reported Cases: September 13, 2021 - June 23, 2022 at 6 PM","246,024","185,402","60,622"
"Cumulative Reported Cases: September 13, 2021 - June 22, 2022 at 6 PM","245,341","184,945","60,396"
"Cumulative Reported Cases: September 13, 2021 - June 21, 2022 at 6 PM","244,612","184,482","60,130"
"Cumulative Reported Cases: September 13, 2021 - June 20, 2022 at 6 PM","243,406","183,828","59,578"
"Cumulative Reported Cases: September 13, 2021 - June 19, 2022 at 6 PM","243,311","183,796","59,515"
"Cumulative Reported Cases: September 13, 2021 - June 17, 2022 at 6 PM","243,090","183,629","59,461"
"Cumulative Reported Cases: September 13, 2021 - June 16, 2022 at 6 PM","242,530","183,243","59,287"
"Cumulative Reported Cases: September 13, 2021 - June 15, 2022 at 6 PM","241,854","182,762","59,092"
"Cumulative Reported Cases: September 13, 2021 - June 14, 2022 at 6 PM","241,204","182,279","58,925"
"Cumulative Reported Cases: September 13, 2021 - June 13, 2022 at 6 PM","240,434","181,754","58,680"
"Cumulative Reported Cases: September 13, 2021 - June 12, 2022 at 6 PM","239,285","181,040","58,245"
"Cumulative Reported Cases: September 13, 2021 - June 10, 2022 at 6 PM","238,971","180,792","58,179"
"Cumulative Reported Cases: September 13, 2021 - June 09, 2022 at 6 PM","238,258","180,291","57,967"
"Cumulative Reported Cases: September 13, 2021 - June 08, 2022 at 6 PM","237,802","179,978","57,824"
"Cumulative Reported Cases: September 13, 2021 - June 07, 2022 at 6 PM","236,945","179,340","57,605"
"Cumulative Reported Cases: September 13, 2021 - June 06, 2022 at 6 PM","236,236","178,851","57,385"
"Cumulative Reported Cases: September 13, 2021 - June 05, 2022 at 6 PM","234,934","178,003","56,931"
"Cumulative Reported Cases: September 13, 2021 - June 03, 2022 at 6 PM","234,528","177,682","56,846"
"Cumulative Reported Cases: September 13, 2021 - June 02, 2022 at 6 PM","233,707","177,064","56,643"
"Cumulative Reported Cases: September 13, 2021 - June 01, 2022 at 6 PM","232,562","176,237","56,325"
"Cumulative Reported Cases: September 13, 2021 - May 31, 2022 at 6 PM","231,316","175,308","56,008"
"Cumulative Reported Cases: September 13, 2021 - May 30, 2022 at 6 PM","229,138","173,824","55,314"
"Cumulative Reported Cases: September 13, 2021 - May 29, 2022 at 6 PM","228,755","173,526","55,229"
"Cumulative Reported Cases: September 13, 2021 - May 27, 2022 at 6 PM","228,664","173,472","55,192"
"Cumulative Reported Cases: September 13, 2021 - May 26, 2022 at 6 PM","227,674","172,748","54,926"
"Cumulative Reported Cases: September 13, 2021 - May 25, 2022 at 6 PM","226,398","171,778","54,620"
"Cumulative Reported Cases: September 13, 2021 - May 24, 2022 at 6 PM","224,964","170,707","54,257"
"Cumulative Reported Cases: September 13, 2021 - May 23, 2022 at 6 PM","223,145","169,348","53,797"
"Cumulative Reported Cases: September 13, 2021 - May 22, 2022 at 6 PM","220,437","167,453","52,984"
"Cumulative Reported Cases: September 13, 2021 - May 20, 2022 at 6 PM","219,821","166,985","52,836"
"Cumulative Reported Cases: September 13, 2021 - May 19, 2022 at 6 PM","218,500","165,991","52,509"
"Cumulative Reported Cases: September 13, 2021 - May 18, 2022 at 6 PM","216,923","164,831","52,092"
"Cumulative Reported Cases: September 13, 2021 - May 17, 2022 at 6 PM","215,109","163,488","51,621"
"Cumulative Reported Cases: September 13, 2021 - May 16, 2022 at 6 PM","213,024","161,945","51,079"
"Cumulative Reported Cases: September 13, 2021 - May 15, 2022 at 6 PM","209,731","159,565","50,166"
"Cumulative Reported Cases: September 13, 2021 - May 13, 2022 at 6 PM","209,104","159,127","49,977"
"Cumulative Reported Cases: September 13, 2021 - May 12, 2022 at 6 PM","207,554","157,935","49,619"
"Cumulative Reported Cases: September 13, 2021 - May 11, 2022 at 6 PM","205,917","156,737","49,180"
"Cumulative Reported Cases: September 13, 2021 - May 10, 2022 at 6 PM","204,240","155,469","48,771"
"Cumulative Reported Cases: September 13, 2021 - May 09, 2022 at 6 PM","202,404","154,138","48,266"
"Cumulative Reported Cases: September 13, 2021 - May 08, 2022 at 6 PM","199,820","152,324","47,496"
"Cumulative Reported Cases: September 13, 2021 - May 06, 2022 at 6 PM","199,243","151,876","47,367"
"Cumulative Reported Cases: September 13, 2021 - May 05, 2022 at 6 PM","198,173","151,086","47,087"
"Cumulative Reported Cases: September 13, 2021 - May 04, 2022 at 6 PM","197,009","150,229","46,780"
"Cumulative Reported Cases: September 13, 2021 - May 03, 2022 at 6 PM","195,608","149,256","46,352"
"Cumulative Reported Cases: September 13, 2021 - May 02, 2022 at 6 PM","193,490","147,750","45,740"
"Cumulative Reported Cases: September 13, 2021 - May 01, 2022 at 6 PM","193,151","147,524","45,627"
"Cumulative Reported Cases: September 13, 2021 - April 29, 2022 at 6 PM","192,838","147,301","45,537"
"Cumulative Reported Cases: September 13, 2021 - April 28, 2022 at 6 PM","192,095","146,746","45,349"
"Cumulative Reported Cases: September 13, 2021 - April 27, 2022 at 6 PM","191,376","146,245","45,131"
"Cumulative Reported Cases: September 13, 2021 - April 26, 2022 at 6 PM","190,631","145,739","44,892"
"Cumulative Reported Cases: September 13, 2021 - April 25, 2022 at 6 PM","189,787","145,148","44,639"
"Cumulative Reported Cases: September 13, 2021 - April 24, 2022 at 6 PM","188,215","144,140","44,075"
"Cumulative Reported Cases: September 13, 2021 - April 22, 2022 at 6 PM","188,096","144,090","44,006"
"Cumulative Reported Cases: September 13, 2021 - April 21, 2022 at 6 PM","188,019","144,034","43,985"
"Cumulative Reported Cases: September 13, 2021 - April 20, 2022 at 6 PM","187,970","144,009","43,961"
"Cumulative Reported Cases: September 13, 2021 - April 19, 2022 at 6 PM","187,923","143,974","43,949"
"Cumulative Reported Cases: September 13, 2021 - April 18, 2022 at 6 PM","187,832","143,920","43,912"
"Cumulative Reported Cases: September 13, 2021 - April 17, 2022 at 6 PM","187,596","143,730","43,866"
"Cumulative Reported Cases: September 13, 2021 - April 15, 2022 at 6 PM","187,553","143,707","43,846"
"Cumulative Reported Cases: September 13, 2021 - April 14, 2022 at 6 PM","187,493","143,669","43,824"
"Cumulative Reported Cases: September 13, 2021 - April 13, 2022 at 6 PM","186,991","143,314","43,677"
"Cumulative Reported Cases: September 13, 2021 - April 12, 2022 at 6 PM","186,318","142,848","43,470"
"Cumulative Reported Cases: September 13, 2021 - April 11, 2022 at 6 PM","185,629","142,398","43,231"
"Cumulative Reported Cases: September 13, 2021 - April 10, 2022 at 6 PM","184,629","141,724","42,905"
"Cumulative Reported Cases: September 13, 2021 - April 08, 2022 at 6 PM","184,408","141,574","42,834"
"Cumulative Reported Cases: September 13, 2021 - April 07, 2022 at 6 PM","183,989","141,295","42,694"
"Cumulative Reported Cases: September 13, 2021 - April 06, 2022 at 6 PM","183,494","140,952","42,542"
"Cumulative Reported Cases: September 13, 2021 - April 05, 2022 at 6 PM","183,020","140,629","42,391"
"Cumulative Reported Cases: September 13, 2021 - April 04, 2022 at 6 PM","182,486","140,249","42,237"
"Cumulative Reported Cases: September 13, 2021 - April 03, 2022 at 6 PM","181,752","139,755","41,997"
"Cumulative Reported Cases: September 13, 2021 - April 01, 2022 at 6 PM","181,592","139,629","41,963"
"Cumulative Reported Cases: September 13, 2021 - March 31, 2022 at 6 PM","181,295","139,418","41,877"
"Cumulative Reported Cases: September 13, 2021 - March 30, 2022 at 6 PM","180,984","139,209","41,775"
"Cumulative Reported Cases: September 13, 2021 - March 29, 2022 at 6 PM","180,586","138,937","41,649"
"Cumulative Reported Cases: September 13, 2021 - March 28, 2022 at 6 PM","180,270","138,712","41,558"
"Cumulative Reported Cases: September 13, 2021 - March 27, 2022 at 6 PM","179,747","138,344","41,403"
"Cumulative Reported Cases: September 13, 2021 - March 25, 2022 at 6 PM","179,667","138,288","41,379"
"Cumulative Reported Cases: September 13, 2021 - March 24, 2022 at 6 PM","179,401","138,087","41,314"
"Cumulative Reported Cases: September 13, 2021 - March 23, 2022 at 6 PM","179,131","137,899","41,232"
"Cumulative Reported Cases: September 13, 2021 - March 22, 2022 at 6 PM","178,904","137,751","41,153"
"Cumulative Reported Cases: September 13, 2021 - March 21, 2022 at 6 PM","178,599","137,510","41,089"
"Cumulative Reported Cases: September 13, 2021 - March 20, 2022 at 6 PM","178,145","137,205","40,940"
"Cumulative Reported Cases: September 13, 2021 - March 18, 2022 at 6 PM","178,080","137,159","40,921"
"Cumulative Reported Cases: September 13, 2021 - March 17, 2022 at 6 PM","177,885","137,007","40,878"
"Cumulative Reported Cases: September 13, 2021 - March 16, 2022 at 6 PM","177,680","136,862","40,818"
"Cumulative Reported Cases: September 13, 2021 - March 15, 2022 at 6 PM","177,481","136,727","40,754"
"Cumulative Reported Cases: September 13, 2021 - March 14, 2022 at 6 PM","177,275","136,576","40,699"
"Cumulative Reported Cases: September 13, 2021 - March 13, 2022 at 6 PM","177,028","136,404","40,624"
"Cumulative Reported Cases: September 13, 2021 - March 11, 2022 at 6 PM","176,960","136,353","40,607"
"Cumulative Reported Cases: September 13, 2021 - March 10, 2022 at 6 PM","176,850","136,269","40,581"
"Cumulative Reported Cases: September 13, 2021 - March 09, 2022 at 6 PM","176,712","136,181","40,531"
"Cumulative Reported Cases: September 13, 2021 - March 08, 2022 at 6 PM","176,565","136,081","40,484"
"Cumulative Reported Cases: September 13, 2021 - March 07, 2022 at 6 PM","176,417","135,977","40,440"
"Cumulative Reported Cases: September 13, 2021 - March 06, 2022 at 6 PM","176,199","135,838","40,361"
"Cumulative Reported Cases: September 13, 2021 - March 04, 2022 at 6 PM","176,156","135,805","40,351"
"Cumulative Reported Cases: September 13, 2021 - March 03, 2022 at 6 PM","176,031","135,723","40,308"
"Cumulative Reported Cases: September 13, 2021 - March 02, 2022 at 6 PM","175,870","135,603","40,267"
"Cumulative Reported Cases: September 13, 2021 - March 01, 2022 at 6 PM","175,726","135,504","40,222"
"Cumulative Reported Cases: September 13, 2021 - February 28, 2022 at 6 PM","175,497","135,346","40,151"
"Cumulative Reported Cases: September 13, 2021 - February 27, 2022 at 6 PM","175,145","135,110","40,035"
"Cumulative Reported Cases: September 13, 2021 - February 25, 2022 at 6 PM","175,100","135,086","40,014"
"Cumulative Reported Cases: September 13, 2021 - February 24, 2022 at 6 PM","175,085","135,078","40,007"
"Cumulative Reported Cases: September 13, 2021 - February 23, 2022 at 6 PM","175,075","135,071","40,004"
"Cumulative Reported Cases: September 13, 2021 - February 22, 2022 at 6 PM","175,061","135,062","39,999"
"Cumulative Reported Cases: September 13, 2021 - February 21, 2022 at 6 PM","174,991","135,004","39,987"
"Cumulative Reported Cases: September 13, 2021 - February 20, 2022 at 6 PM","174,986","135,002","39,984"
"Cumulative Reported Cases: September 13, 2021 - February 18, 2022 at 6 PM","174,979","135,000","39,979"
"Cumulative Reported Cases: September 13, 2021 - February 17, 2022 at 6 PM","174,842","134,901","39,941"
"Cumulative Reported Cases: September 13, 2021 - February 16, 2022 at 6 PM","174,671","134,765","39,906"
"Cumulative Reported Cases: September 13, 2021 - February 15, 2022 at 6 PM","174,463","134,598","39,865"
"Cumulative Reported Cases: September 13, 2021 - February 14, 2022 at 6 PM","174,203","134,407","39,796"
"Cumulative Reported Cases: September 13, 2021 - February 13, 2022 at 6 PM","173,831","134,144","39,687"
"Cumulative Reported Cases: September 13, 2021 - February 11, 2022 at 6 PM","173,738","134,063","39,675"
"Cumulative Reported Cases: September 13, 2021 - February 10, 2022 at 6 PM","173,485","133,874","39,611"
"Cumulative Reported Cases: September 13, 2021 - February 09, 2022 at 6 PM","173,189","133,629","39,560"
"Cumulative Reported Cases: September 13, 2021 - February 08, 2022 at 6 PM","172,863","133,361","39,502"
"Cumulative Reported Cases: September 13, 2021 - February 07, 2022 at 6 PM","172,475","133,048","39,427"
"Cumulative Reported Cases: September 13, 2021 - February 06, 2022 at 6 PM","171,925","132,623","39,302"
"Cumulative Reported Cases: September 13, 2021 - February 04, 2022 at 6 PM","171,688","132,421","39,267"
"Cumulative Reported Cases: September 13, 2021 - February 03, 2022 at 6 PM","171,217","132,037","39,180"
"Cumulative Reported Cases: September 13, 2021 - February 02, 2022 at 6 PM","170,680","131,599","39,081"
"Cumulative Reported Cases: September 13, 2021 - February 01, 2022 at 6 PM","169,845","130,927","38,918"
"Cumulative Reported Cases: September 13, 2021 - January 31, 2022 at 6 PM","169,682","130,792","38,890"
"Cumulative Reported Cases: September 13, 2021 - January 30, 2022 at 6 PM","168,872","130,187","38,685"
"Cumulative Reported Cases: September 13, 2021 - January 28, 2022 at 6 PM","168,571","129,941","38,630"
"Cumulative Reported Cases: September 13, 2021 - January 27, 2022 at 6 PM","167,839","129,343","38,496"
"Cumulative Reported Cases: September 13, 2021 - January 26, 2022 at 6 PM","166,857","128,528","38,329"
"Cumulative Reported Cases: September 13, 2021 - January 25, 2022 at 6 PM","165,506","127,414","38,092"
"Cumulative Reported Cases: September 13, 2021 - January 24, 2022 at 6 PM","163,754","125,969","37,785"
"Cumulative Reported Cases: September 13, 2021 - January 23, 2022 at 6 PM","161,161","123,919","37,242"
"Cumulative Reported Cases: September 13, 2021 - January 21, 2022 at 6 PM","160,393","123,284","37,109"
"Cumulative Reported Cases: September 13, 2021 - January 20, 2022 at 6 PM","158,240","121,458","36,782"
"Cumulative Reported Cases: September 13, 2021 - January 19, 2022 at 6 PM","155,356","119,020","36,336"
"Cumulative Reported Cases: September 13, 2021 - January 18, 2022 at 6 PM","151,748","115,962","35,786"
"Cumulative Reported Cases: September 13, 2021 - January 17, 2022 at 6 PM","145,841","111,100","34,741"
"Cumulative Reported Cases: September 13, 2021 - January 16, 2022 at 6 PM","145,182","110,660","34,522"
"Cumulative Reported Cases: September 13, 2021 - January 14, 2022 at 6 PM","143,647","109,300","34,347"
"Confirmed Cumulative Positive COVID Cases: September 13, 2021 - January 13, 2022 at 6 PM","138,495","104,764","33,731"
"Confirmed Cumulative Positive COVID Cases: September 13, 2021 - January 12, 2022 at 6 PM","132,308","99,365","32,943"
"Confirmed Cumulative Positive COVID Cases: September 13, 2021 - January 11, 2022 at 6 PM","124,796","92,855","31,941"
"Confirmed Cumulative Positive COVID Cases: September 13, 2021 - January 10, 2022 at 6 PM","116,126","85,443","30,683"
"Confirmed Cumulative Positive COVID Cases: September 13, 2021 - January 09, 2022 at 6 PM","102,003","73,619","28,384"
"Confirmed Cumulative Positive COVID Cases: September 13, 2021 - January 07, 2022 at 6 PM","97,938","70,241","27,697"
"Confirmed Cumulative Positive COVID Cases: September 13, 2021 - January 06, 2022 at 6 PM","88,442","62,208","26,234"
"Confirmed Cumulative Positive COVID Cases: September 13, 2021 - January 05, 2022 at 6 PM","75,263","51,276","23,987"
"Confirmed Cumulative Positive COVID Cases: September 13, 2021 - January 04, 2022 at 6 PM","61,453","40,445","21,008"
"Confirmed Cumulative Positive COVID Cases: September 13, 2021 - January 04, 2022 at 6 PM","61,453","40,445","21,008"
"Confirmed Cumulative Positive COVID Cases: September 13, 2021 - January 04, 2022 at 6 PM","61,453","40,445","21,008"
"Confirmed Cumulative Positive COVID Cases: September 13, 2021 - December 30, 2021 at 6 PM","32,160","22,167","9,993"
"Confirmed Cumulative Positive COVID Cases: September 13, 2021 - December 29, 2021 at 6 PM","28,650","20,101","8,549"
"Confirmed Cumulative Positive COVID Cases: September 13, 2021 - December 28, 2021 at 6 PM","27,490","19,536","7,954"
"Confirmed Cumulative Positive COVID Cases: September 13, 2021 - December 27, 2021 at 6 PM","26,274","18,686","7,588"
"Confirmed Cumulative Positive COVID Cases: September 13, 2021 - December 26, 2021 at 6 PM","24,564","17,597","6,967"
"Confirmed Cumulative Positive COVID Cases: September 13, 2021 - December 23, 2021 at 6 PM","22,981","16,515","6,466"
"Confirmed Cumulative Positive COVID Cases: September 13, 2021 - December 22, 2021 at 6 PM","21,828","15,775","6,053"
"Confirmed Cumulative Positive COVID Cases: September 13, 2021 - December 21, 2021 at 6 PM","21,175","15,362","5,813"
"Confirmed Cumulative Positive COVID Cases: September 13, 2021 - December 20, 2021 at 6 PM","20,547","14,966","5,581"
"Confirmed Cumulative Positive COVID Cases: September 13, 2021 - December 19, 2021 at 6 PM","19,667","14,404","5,263"
"Confirmed Cumulative Positive COVID Cases: September 13, 2021 - December 17, 2021 at 6 PM","18,970","13,949","5,021"
"Confirmed Cumulative Positive COVID Cases: September 13, 2021 - December 16, 2021 at 6 PM","18,162","13,406","4,756"
"Confirmed Cumulative Positive COVID Cases: September 13, 2021 - December 15, 2021 at 6 PM","17,154","12,740","4,414"
"Confirmed Cumulative Positive COVID Cases: September 13, 2021 - December 14, 2021 at 6 PM","16,290","12,130","4,160"
"Confirmed Cumulative Positive COVID Cases: September 13, 2021 - December 13, 2021 at 6 PM","15,609","11,638","3,971"
"Confirmed Cumulative Positive COVID Cases: September 13, 2021 - December 12, 2021 at 6 PM","15,083","11,311","3,772"
"Confirmed Cumulative Positive COVID Cases: September 13, 2021 - December 10, 2021 at 6 PM","14,822","11,108","3,714"
"Confirmed Cumulative Positive COVID Cases: September 13, 2021 - December 09, 2021 at 6 PM","14,312","10,723","3,589"
"Confirmed Cumulative Positive COVID Cases: September 13, 2021 - December 08, 2021 at 6 PM","13,833","10,364","3,469"
"Confirmed Cumulative Positive COVID Cases: September 13, 2021 - December 07, 2021 at 6 PM","13,363","9,996","3,367"
"Confirmed Cumulative Positive COVID Cases: September 13, 2021 - December 06, 2021 at 6 PM","12,941","9,658","3,283"
"Confirmed Cumulative Positive COVID Cases: September 13, 2021 - December 05, 2021 at 6 PM","12,424","9,292","3,132"
"Confirmed Cumulative Positive COVID Cases: September 13, 2021 - December 03, 2021 at 6 PM","12,154","9,104","3,050"
"Confirmed Cumulative Positive COVID Cases: September 13, 2021 - December 02, 2021 at 6 PM","11,759","8,812","2,947"
"Confirmed Cumulative Positive COVID Cases: September 13, 2021 - December 01, 2021 at 6 PM","11,366","8,525","2,841"
"Confirmed Cumulative Positive COVID Cases: September 13, 2021 - November 30, 2021 at 6 PM","10,995","8,237","2,758"
"Confirmed Cumulative Positive COVID Cases: September 13, 2021 - November 29, 2021 at 6 PM","10,700","8,020","2,680"
"Confirmed Cumulative Positive COVID Cases: September 13, 2021 - November 28, 2021 at 6 PM","10,306","7,749","2,557"
"Confirmed Cumulative Positive COVID Cases: September 13, 2021 - November 26, 2021 at 6 PM","10,167","7,678","2,489"
"Confirmed Cumulative Positive COVID Cases: September 13, 2021 - November 24, 2021 at 6 PM","10,003","7,553","2,450"
"Confirmed Cumulative Positive COVID Cases: September 13, 2021 - November 23, 2021 at 6 PM","9,761","7,368","2,393"
"Confirmed Cumulative Positive COVID Cases: September 13, 2021 - November 22, 2021 at 6 PM","9,567","7,223","2,344"
"Confirmed Cumulative Positive COVID Cases: September 13, 2021 - November 21, 2021 at 6 PM","9,288","7,019","2,269"
"Confirmed Cumulative Positive COVID Cases: September 13, 2021 - November 19, 2021 at 6 PM","9,127","6,897","2,230"
"Confirmed Cumulative Positive COVID Cases: September 13, 2021 - November 18, 2021 at 6 PM","8,880","6,691","2,189"
"Confirmed Cumulative Positive COVID Cases: September 13, 2021 - November 17, 2021 at 6 PM","8,633","6,502","2,131"
"Confirmed Cumulative Positive COVID Cases: September 13, 2021 - November 16, 2021 at 6 PM","8,405","6,320","2,085"
"Confirmed Cumulative Positive COVID Cases: September 13, 2021 - November 15, 2021 at 6 PM","8,223","6,193","2,030"
"Confirmed Cumulative Positive COVID Cases: September 13, 2021 - November 14, 2021 at 6 PM","8,004","6,036","1,968"
"Confirmed Cumulative Positive COVID Cases: September 13, 2021 - November 12, 2021 at 6 PM","7,892","5,957","1,935"
"Confirmed Cumulative Positive COVID Cases: September 13, 2021 - November 11, 2021 at 6 PM","7,692","5,799","1,893"
"Confirmed Cumulative Positive COVID Cases: September 13, 2021 - November 10, 2021 at 6 PM","7,614","5,745","1,869"
"Confirmed Cumulative Positive COVID Cases: September 13, 2021 - November 09, 2021 at 6 PM","7,438","5,595","1,843"
"Confirmed Cumulative Positive COVID Cases: September 13, 2021 - November 08, 2021 at 6 PM","7,319","5,504","1,815"
"Confirmed Cumulative Positive COVID Cases: September 13, 2021 - November 07, 2021 at 6 PM","7,120","5,353","1,767"
"Confirmed Cumulative Positive COVID Cases: September 13, 2021 - November 05, 2021 at 6 PM","7,010","5,280","1,730"
"Confirmed Cumulative Positive COVID Cases: September 13, 2021 - November 04, 2021 at 6 PM","6,869","5,166","1,703"
"Confirmed Cumulative Positive COVID Cases: September 13, 2021 - November 03, 2021 at 6 PM","6,741","5,064","1,677"
"Confirmed Cumulative Positive COVID Cases: September 13, 2021 - November 02, 2021 at 6 PM","6,607","4,950","1,657"
"Confirmed Cumulative Positive COVID Cases: September 13, 2021 - November 01, 2021 at 6 PM","6,534","4,894","1,640"
"Confirmed Cumulative Positive COVID Cases: September 13, 2021 - October 31, 2021 at 6 PM","6,408","4,801","1,607"
"Confirmed Cumulative Positive COVID Cases: September 13, 2021 - October 29, 2021 at 6 PM","6,344","4,752","1,592"
"Confirmed Cumulative Positive COVID Cases: September 13, 2021 - October 28, 2021 at 6 PM","6,248","4,671","1,577"
"Confirmed Cumulative Positive COVID Cases: September 13, 2021 - October 27, 2021 at 6 PM","6,125","4,571","1,554"
"Confirmed Cumulative Positive COVID Cases: September 13, 2021 - October 26, 2021 at 6 PM","6,028","4,497","1,531"
"Confirmed Cumulative Positive COVID Cases: September 13, 2021 - October 25, 2021 at 6 PM","5,915","4,402","1,513"
"Confirmed Cumulative Positive COVID Cases: September 13, 2021 - October 24, 2021 at 6 PM","5,795","4,301","1,494"
"Confirmed Cumulative Positive COVID Cases: September 13, 2021 - October 22, 2021 at 6 PM","5,715","4,243","1,472"
"Confirmed Cumulative Positive COVID Cases: September 13, 2021 - October 21, 2021 at 6 PM","5,625","4,174","1,451"
"Confirmed Cumulative Positive COVID Cases: September 13, 2021 - October 20, 2021 at 6 PM","5,507","4,082","1,425"
"Confirmed Cumulative Positive COVID Cases: September 13, 2021 - October 19, 2021 at 6 PM","5,386","3,998","1,388"
"Confirmed Cumulative Positive COVID Cases: September 13, 2021 - October 18, 2021 at 6 PM","5,280","3,916","1,364"
"Confirmed Cumulative Positive COVID Cases: September 13, 2021 - October 17, 2021 at 6 PM","5,136","3,799","1,337"
"Confirmed Cumulative Positive COVID Cases: September 13, 2021 - October 15, 2021 at 6 PM","5,035","3,720","1,315"
"Confirmed Cumulative Positive COVID Cases: September 13, 2021 - October 14, 2021 at 6 PM","4,874","3,588","1,286"
"Confirmed Cumulative Positive COVID Cases: September 13, 2021 - October 13, 2021 at 6 PM","4,713","3,455","1,258"
"Confirmed Cumulative Positive COVID Cases: September 13, 2021 - October 12, 2021 at 6 PM","4,578","3,350","1,228"
"Confirmed Cumulative Positive COVID Cases: September 13, 2021 - October 11, 2021 at 6 PM","4,355","3,170","1,185"
"Confirmed Cumulative Positive COVID Cases: September 13, 2021 - October 10, 2021 at 6 PM","4,300","3,137","1,163"
"Confirmed Cumulative Positive COVID Cases: September 13, 2021 - October 08, 2021 at 6 PM","4,186","3,052","1,134"
"Confirmed Cumulative Positive COVID Cases: September 13, 2021 - October 07, 2021 at 6 PM","4,009","2,920","1,089"
"Confirmed Cumulative Positive COVID Cases: September 13, 2021 - October 06, 2021 at 6 PM","3,857","2,798","1,059"
"Confirmed Cumulative Positive COVID Cases: September 13, 2021 - October 05, 2021 at 6 PM","3,698","2,672","1,026"
"Confirmed Cumulative Positive COVID Cases: September 13, 2021 - October 04, 2021 at 6 PM","3,517","2,527",990
"Confirmed Cumulative Positive COVID Cases: September 13, 2021 - October 03, 2021 at 6 PM","3,301","2,358",943
"Confirmed Cumulative Positive COVID Cases: September 13, 2021 - October 01, 2021 at 6 PM","3,211","2,298",913
"Confirmed Cumulative Positive COVID Cases: September 13, 2021 - September 30, 2021 at 6 PM","3,030","2,147",883
"Confirmed Cumulative Positive COVID Cases: September 13, 2021 - September 29, 2021 at 6 PM","2,859","2,013",846
"Confirmed Cumulative Positive COVID Cases: September 13, 2021 - September 28, 2021 at 6 PM","2,668","1,872",796
"Confirmed Cumulative Positive COVID Cases: September 13, 2021 - September 27, 2021 at 6 PM","2,495","1,735",760
"Confirmed Cumulative Positive COVID Cases: September 13, 2021 - September 26, 2021 at 6 PM","2,221","1,535",686
"Confirmed Cumulative Positive COVID Cases: September 13, 2021 - September 24, 2021 at 6 PM","2,096","1,449",647
"Confirmed Cumulative Positive COVID Cases: September 13, 2021 - September 23, 2021 at 6 PM","1,899","1,299",600
"Confirmed Cumulative Positive COVID Cases: September 13, 2021 - September 22, 2021 at 6 PM","1,689","1,145",544
"Confirmed Cumulative Positive COVID Cases: September 13, 2021 - September 21, 2021 at 6 PM","1,487",985,502
"Confirmed Cumulative Positive COVID Cases: September 13, 2021 - September 20, 2021 at 6 PM","1,274",817,457
"Confirmed Cumulative Positive COVID Cases: September 13, 2021 - September 19, 2021 at 6 PM",976,592,384
"Confirmed Cumulative Positive COVID Cases: September 13, 2021 - September 17, 2021 at 6 PM",812,487,325
"Confirmed Cumulative Positive COVID Cases: September 13, 2021 - September 16, 2021 at 6 PM",560,311,249
"Confirmed Cumulative Positive COVID Cases: September 13, 2021 - September 15, 2021 at 6 PM",403,230,173
"Confirmed Cumulative Positive COVID Cases: September 13, 2021 - September 14, 2021 at 6 PM",218,105,113
"Confirmed Cumulative Positive COVID Cases: September 13, 2021 - September 13, 2021 at 6 PM",83,33,50
"Confirmed Cumulative Positive COVID Cases: September 14, 2020 - September 12, 2021 at 6 PM","27,891","15,038","12,853"
"Confirmed Cumulative Positive COVID Cases: September 14, 2020 - September 10, 2021 at 6 PM","27,848","15,029","12,819"
"Confirmed Cumulative Positive COVID Cases: September 14, 2020 - September 09, 2021 at 6 PM","27,800","15,014","12,786"
"Confirmed Cumulative Positive COVID Cases: September 14, 2020 - September 08, 2021 at 6 PM","27,772","15,001","12,771"
"Confirmed Cumulative Positive COVID Cases: September 14, 2020 - September 07, 2021 at 6 PM","27,745","14,989","12,756"
"Confirmed Cumulative Positive COVID Cases: September 14, 2020 - September 05, 2021 at 6 PM","27,718","14,982","12,736"
"Confirmed Cumulative Positive COVID Cases: September 14, 2020 - September 03, 2021 at 6 PM","27,710","14,977","12,733"
"Confirmed Cumulative Positive COVID Cases: September 14, 2020 - September 02, 2021 at 6 PM","27,675","14,955","12,720"
"Confirmed Cumulative Positive COVID Cases: September 14, 2020 - September 01, 2021 at 6 PM","27,654","14,946","12,708"
"Confirmed Cumulative Positive COVID Cases: September 14, 2020 - August 31, 2021 at 6 PM","27,636","14,933","12,703"
"Confirmed Cumulative Positive COVID Cases: September 14, 2020 - August 30, 2021 at 6 PM","27,616","14,923","12,693"
"Confirmed Cumulative Positive COVID Cases: September 14, 2020 - August 29, 2021 at 6 PM","27,594","14,904","12,690"
"Confirmed Cumulative Positive COVID Cases: September 14, 2020 - August 27, 2021 at 6 PM","27,588","14,901","12,687"
"Confirmed Cumulative Positive COVID Cases: September 14, 2020 - August 26, 2021 at 6 PM","27,579","14,897","12,682"
"Confirmed Cumulative Positive COVID Cases: September 14, 2020 - August 25, 2021 at 6 PM","27,565","14,888","12,677"
"Confirmed Cumulative Positive COVID Cases: September 14, 2020 - August 24, 2021 at 6 PM","27,545","14,873","12,672"
"Confirmed Cumulative Positive COVID Cases: September 14, 2020 - August 23, 2021 at 6 PM","27,535","14,869","12,666"
"Confirmed Cumulative Positive COVID Cases: September 14, 2020 - August 22, 2021 at 6 PM","27,511","14,850","12,661"
"Confirmed Cumulative Positive COVID Cases: September 14, 2020 - August 20, 2021 at 6 PM","27,498","14,840","12,658"
"Confirmed Cumulative Positive COVID Cases: September 14, 2020 - August 19, 2021 at 6 PM","27,464","14,821","12,643"
"Confirmed Cumulative Positive COVID Cases: September 14, 2020 - August 18, 2021 at 6 PM","27,428","14,793","12,635"
