SCHOOL,SCHOOL NAME,ATTD DATE,%ATTD
01M015,P.S. 015 ROBERTO CLEMENTE,2/28/2023,72.39
01M020,P.S. 020 ANNA SILVER,2/28/2023,78.44
01M034,P.S. 034 FRANKLIN D. ROOSEVELT,2/28/2023,74.43
01M063,THE STAR ACADEMY   P.S.63,2/28/2023,82.29
01M064,P.S. 064 ROBERT SIMON,2/28/2023,80.85
01M110,P.S. 110 FLORENCE NIGHTINGALE,2/28/2023,88.27
01M134,P.S. 134 HENRIETTA SZOLD,2/28/2023,72.04
01M140,P.S. 140 NATHAN STRAUS,2/28/2023,73.25
01M142,P.S. 142 AMALIA CASTRO,2/28/2023,75.28
01M184,P.S. 184M SHUANG WEN,2/28/2023,95.08
01M188,P.S. 188 THE ISLAND SCHOOL,2/28/2023,77.59
01M292,ORCHARD COLLEGIATE ACADEMY,2/28/2023,69.73
01M315,THE EAST VILLAGE COMMUNITY SCHOOL,2/28/2023,85.40
01M332,UNIVERSITY NEIGHBORHOOD MIDDLE SCHOOL,2/28/2023,73.78
01M361,THE CHILDREN S WORKSHOP SCHOOL,2/28/2023,86.34
01M363,NEIGHBORHOOD SCHOOL,2/28/2023,88.46
01M364,EARTH SCHOOL,2/28/2023,80.46
01M378,SCHOOL FOR GLOBAL LEADERS,2/28/2023,84.02
01M448,UNIVERSITY NEIGHBORHOOD HIGH SCHOOL,2/28/2023,78.60
01M450,EAST SIDE COMMUNITY SCHOOL,2/28/2023,99.85
01M458,FORSYTH SATELLITE ACADEMY,2/28/2023,39.41
01M515,LOWER EAST SIDE PREPARATORY HIGH SCHOOL,2/28/2023,67.69
01M539,"NEW EXPLORATIONS INTO SCIENCE, TECHNOLOGY AND MATH",2/28/2023,92.84
01M650,CASCADES HIGH SCHOOL,2/28/2023,20.43
01M696,BARD HIGH SCHOOL EARLY COLLEGE,2/28/2023,89.38
01M839,TOMPKINS SQUARE MIDDLE SCHOOL,2/28/2023,88.36
02M001,P.S. 001 ALFRED E. SMITH,2/28/2023,79.50
02M002,P.S. 002 MEYER LONDON,2/28/2023,91.25
02M003,P.S. 003 CHARRETTE SCHOOL,2/28/2023,89.60
02M006,P.S. 006 LILLIE D. BLAKE,2/28/2023,92.38
02M011,P.S. 011: THE SARAH J. GARNET ELEMENTARY SCHOOL,2/28/2023,86.52
02M033,P.S. 033 CHELSEA PREP,2/28/2023,84.02
02M040,P.S. 040 AUGUSTUS SAINT GAUDENS,2/28/2023,93.03
02M041,P.S. 041 GREENWICH VILLAGE,2/28/2023,93.06
02M042,P.S. 042 BENJAMIN ALTMAN,2/28/2023,94.82
02M047,47 THE AMERICAN SIGN LANGUAGE AND ENGLISH SECONDAR,2/28/2023,56.61
02M051,P.S. 051 ELIAS HOWE,2/28/2023,82.91
02M059,P.S. 059 BEEKMAN HILL INTERNATIONAL,2/28/2023,92.11
02M077,P.S. 77 LOWER LAB SCHOOL,2/28/2023,94.59
02M089,P.S. 89,2/28/2023,90.50
02M104,J.H.S. 104 SIMON BARUCH,2/28/2023,88.70
02M111,P.S. 111 ADOLPH S. OCHS,2/28/2023,78.67
02M114,EAST SIDE MIDDLE SCHOOL,2/28/2023,94.76
02M116,P.S. 116 MARY LINDLEY MURRAY,2/28/2023,85.42
02M124,P.S. 124 YUNG WING,2/28/2023,96.38
02M126,P.S. 126 JACOB AUGUST RIIS,2/28/2023,95.01
02M130,P.S. 130 HERNANDO DE SOTO,2/28/2023,94.68
02M131,M.S. 131,2/28/2023,88.21
02M135,THE URBAN ASSEMBLY SCHOOL FOR EMERGENCY MANAGEMENT,2/28/2023,67.25
02M139,STEPHEN T. MATHER BUILDING ARTS   CRAFTSMANSHIP HI,2/28/2023,64.90
02M150,P.S. 150,2/28/2023,90.42
02M151,YORKVILLE COMMUNITY SCHOOL,2/28/2023,87.14
02M158,P.S. 158 BAYARD TAYLOR,2/28/2023,91.30
02M167,J.H.S. 167 ROBERT F. WAGNER,2/28/2023,93.78
02M177,YORKVILLE EAST MIDDLE SCHOOL,2/28/2023,94.09
02M183,P.S. 183 ROBERT L. STEVENSON,2/28/2023,93.67
02M198,P.S. 198 ISADOR E. IDA STRAUS,2/28/2023,90.77
02M212,P.S. 212 MIDTOWN WEST,2/28/2023,82.47
02M217,P.S. I.S. 217 ROOSEVELT ISLAND,2/28/2023,91.12
02M225,ELLA BAKER SCHOOL,2/28/2023,84.08
02M234,P.S. 234 INDEPENDENCE SCHOOL,2/28/2023,92.37
02M255,M.S. 255 SALK SCHOOL OF SCIENCE,2/28/2023,94.02
02M260,THE CLINTON SCHOOL,2/28/2023,NS
02M267,"EAST SIDE ELEMENTARY SCHOOL, PS 267",2/28/2023,94.85
02M276,BATTERY PARK CITY SCHOOL,2/28/2023,94.69
02M280,MANHATTAN EARLY COLLEGE SCHOOL FOR ADVERTISING,2/28/2023,67.45
02M281,THE RIVER SCHOOL,2/28/2023,90.92
02M282,URBAN ASSEMBLY MAKER ACADEMY,2/28/2023,68.76
02M288,FOOD AND FINANCE HIGH SCHOOL,2/28/2023,NS
02M289,I.S. 289,2/28/2023,94.53
02M290,P.S. 290 MANHATTAN NEW SCHOOL,2/28/2023,93.25
02M294,ESSEX STREET ACADEMY,2/28/2023,75.33
02M296,HIGH SCHOOL OF HOSPITALITY MANAGEMENT,2/28/2023,56.58
02M297,M.S. 297,2/28/2023,84.61
02M298,PACE HIGH SCHOOL,2/28/2023,69.67
02M300,"URBAN ASSEMBLY SCHOOL OF DESIGN AND CONSTRUCTION,",2/28/2023,68.03
02M303,"FACING HISTORY SCHOOL, THE",2/28/2023,56.84
02M305,"URBAN ASSEMBLY ACADEMY OF GOVERNMENT AND LAW, THE",2/28/2023,64.31
02M308,LOWER MANHATTAN ARTS ACADEMY,2/28/2023,54.50
02M312,NEW YORK CITY LAB MIDDLE SCHOOL FOR COLLABORATIVE,2/28/2023,96.00
02M313,"JAMES BALDWIN SCHOOL, THE: A SCHOOL FOR EXPEDITION",2/28/2023,39.56
02M316,"URBAN ASSEMBLY SCHOOL OF BUSINESS FOR YOUNG WOMEN,",2/28/2023,33.33
02M340,SIXTH AVENUE ELEMENTARY SCHOOL,2/28/2023,83.75
02M343,THE PECK SLIP SCHOOL,2/28/2023,92.52
02M347,THE 47 AMERICAN SIGN LANGUAGE   ENGLISH LOWER SCHO,2/28/2023,80.76
02M374,GRAMERCY ARTS HIGH SCHOOL,2/28/2023,67.00
02M376,NYC ISCHOOL,2/28/2023,85.39
02M391,DISTRICT 2 PRE K CENTER,2/28/2023,86.62
02M392,MANHATTAN BUSINESS ACADEMY,2/28/2023,65.51
02M393,BUSINESS OF SPORTS SCHOOL,2/28/2023,54.08
02M394,EMMA LAZARUS HIGH SCHOOL,2/28/2023,86.64
02M397,SPRUCE STREET SCHOOL,2/28/2023,89.42
02M399,THE HIGH SCHOOL FOR LANGUAGE AND DIPLOMACY,2/28/2023,57.24
02M400,HIGH SCHOOL FOR ENVIRONMENTAL STUDIES,2/28/2023,68.60
02M407,INSTITUTE FOR COLLABORATIVE EDUCATION,2/28/2023,NS
02M408,PROFESSIONAL PERFORMING ARTS HIGH SCHOOL,2/28/2023,76.39
02M411,BARUCH COLLEGE CAMPUS HIGH SCHOOL,2/28/2023,88.61
02M412,N.Y.C. LAB SCHOOL FOR COLLABORATIVE STUDIES,2/28/2023,93.92
02M413,SCHOOL OF THE FUTURE HIGH SCHOOL,2/28/2023,89.78
02M414,N.Y.C. MUSEUM SCHOOL,2/28/2023,89.85
02M416,ELEANOR ROOSEVELT HIGH SCHOOL,2/28/2023,94.02
02M418,MILLENNIUM HIGH SCHOOL,2/28/2023,94.78
02M419,LANDMARK HIGH SCHOOL,2/28/2023,60.16
02M420,HIGH SCHOOL FOR HEALTH PROFESSIONS AND HUMAN SERVI,2/28/2023,72.08
02M422,QUEST TO LEARN,2/28/2023,74.74
02M425,LEADERSHIP AND PUBLIC SERVICE HIGH SCHOOL,2/28/2023,66.17
02M427,MANHATTAN ACADEMY FOR ARTS   LANGUAGE,2/28/2023,69.27
02M432,MURRAY HILL ACADEMY,2/28/2023,65.50
02M437,HUDSON HIGH SCHOOL OF LEARNING TECHNOLOGIES,2/28/2023,67.26
02M438,INTERNATIONAL HIGH SCHOOL AT UNION SQUARE,2/28/2023,80.17
02M439,MANHATTAN VILLAGE ACADEMY,2/28/2023,86.63
02M442,"BALLET TECH, NYC PUBLIC SCHOOL FOR DANCE",2/28/2023,96.49
02M449,VANGUARD HIGH SCHOOL,2/28/2023,58.15
02M459,MANHATTAN INTERNATIONAL HIGH SCHOOL,2/28/2023,83.24
02M475,STUYVESANT HIGH SCHOOL,2/28/2023,95.08
02M489,HIGH SCHOOL OF ECONOMICS AND FINANCE,2/28/2023,77.57
02M500,UNITY CENTER FOR URBAN TECHNOLOGIES,2/28/2023,60.74
02M507,URBAN ASSEMBLY GATEWAY SCHOOL FOR TECHNOLOGY,2/28/2023,77.67
02M519,TALENT UNLIMITED HIGH SCHOOL,2/28/2023,79.44
02M520,MURRY BERGTRAUM HIGH SCHOOL FOR BUSINESS CAREERS,2/28/2023,55.44
02M527,P.S. 527   EAST SIDE SCHOOL FOR SOCIAL ACTION,2/28/2023,93.58
02M529,JACQUELINE KENNEDY ONASSIS HIGH SCHOOL,2/28/2023,58.84
02M531,REPERTORY COMPANY HIGH SCHOOL FOR THEATRE ARTS,2/28/2023,77.37
02M533,UNION SQUARE ACADEMY FOR HEALTH SCIENCES,2/28/2023,62.86
02M534,HARVEST COLLEGIATE HIGH SCHOOL,2/28/2023,68.25
02M542,MANHATTAN BRIDGES HIGH SCHOOL,2/28/2023,73.61
02M543,NEW DESIGN HIGH SCHOOL,2/28/2023,71.42
02M544,INDEPENDENCE HIGH SCHOOL,2/28/2023,32.42
02M545,HIGH SCHOOL FOR DUAL LANGUAGE AND ASIAN STUDIES,2/28/2023,95.97
02M546,ACADEMY FOR SOFTWARE ENGINEERING,2/28/2023,72.31
02M550,LIBERTY HIGH SCHOOL ACADEMY FOR NEWCOMERS,2/28/2023,73.71
02M551,URBAN ASSEMBLY NEW YORK HARBOR SCHOOL,2/28/2023,83.29
02M560,HIGH SCHOOL M560   CITY AS SCHOOL,2/28/2023,25.97
02M565,URBAN ACADEMY LABORATORY HIGH SCHOOL,2/28/2023,89.47
02M570,SATELLITE ACADEMY HIGH SCHOOL,2/28/2023,30.12
02M575,MANHATTAN COMPREHENSIVE NIGHT AND DAY HIGH SCHOOL,2/28/2023,NS
02M580,RICHARD R. GREEN HIGH SCHOOL OF TEACHING,2/28/2023,78.88
02M586,HARVEY MILK HIGH SCHOOL,2/28/2023,63.95
02M600,THE HIGH SCHOOL OF FASHION INDUSTRIES,2/28/2023,68.65
02M605,HUMANITIES PREPARATORY ACADEMY,2/28/2023,67.32
02M615,CHELSEA CAREER AND TECHNICAL EDUCATION HIGH SCHOOL,2/28/2023,63.65
02M630,ART AND DESIGN HIGH SCHOOL,2/28/2023,79.11
02M655,THE HIGH SCHOOL FOR CLIMATE JUSTICE,2/28/2023,58.10
02M896,LOWER MANHATTAN COMMUNITY MIDDLE SCHOOL,2/28/2023,92.42
02M933,CITY KNOLL MIDDLE SCHOOL,2/28/2023,72.78
03M009,P.S. 009 SARAH ANDERSON,2/28/2023,90.02
03M054,J.H.S. 054 BOOKER T. WASHINGTON,2/28/2023,92.05
03M075,P.S. 075 EMILY DICKINSON,2/28/2023,78.16
03M076,P.S. 076 A. PHILIP RANDOLPH,2/28/2023,77.43
03M084,P.S. 084 LILLIAN WEBER,2/28/2023,88.85
03M087,P.S. 087 WILLIAM SHERMAN,2/28/2023,91.10
03M145,"P.S. 145, THE BLOOMINGDALE SCHOOL",2/28/2023,73.41
03M149,P.S. 149 SOJOURNER TRUTH,2/28/2023,77.24
03M163,P.S. 163 ALFRED E. SMITH,2/28/2023,82.31
03M165,P.S. 165 ROBERT E. SIMON,2/28/2023,82.12
03M166,P.S. 166 THE RICHARD RODGERS SCHOOL OF THE ARTS AN,2/28/2023,91.83
03M180,P.S. 180 HUGO NEWMAN,2/28/2023,80.70
03M185,THE LOCKE SCHOOL OF ARTS AND ENGINEERING,2/28/2023,81.98
03M191,THE RIVERSIDE SCHOOL FOR MAKERS AND ARTISTS,2/28/2023,NS
03M199,P.S. 199 JESSIE ISADOR STRAUS,2/28/2023,94.98
03M241,STEM INSTITUTE OF MANHATTAN,2/28/2023,81.03
03M242,P.S. 242   THE YOUNG DIPLOMATS MAGNET ACADEMY,2/28/2023,77.88
03M243,M.S. 243 CENTER SCHOOL,2/28/2023,96.39
03M245,M.S. M245 THE COMPUTER SCHOOL,2/28/2023,90.44
03M247,M.S. M247 DUAL LANGUAGE MIDDLE SCHOOL,2/28/2023,75.55
03M250,M.S. 250 WEST SIDE COLLABORATIVE MIDDLE SCHOOL,2/28/2023,55.31
03M256,LAFAYETTE ACADEMY,2/28/2023,85.54
03M258,COMMUNITY ACTION SCHOOL   MS 258,2/28/2023,NS
03M291,WEST END SECONDARY SCHOOL,2/28/2023,90.46
03M299,THE MAXINE GREENE HS FOR IMAGINATIVE INQUIRY,2/28/2023,58.40
03M307,"URBAN ASSEMBLY SCHOOL FOR MEDIA STUDIES, THE",2/28/2023,61.14
03M333,P.S. 333 MANHATTAN SCHOOL FOR CHILDREN,2/28/2023,86.51
03M334,THE ANDERSON SCHOOL,2/28/2023,95.01
03M402,THE URBAN ASSEMBLY SCHOOL FOR GREEN CAREERS,2/28/2023,67.10
03M403,THE GLOBAL LEARNING COLLABORATIVE,2/28/2023,61.48
03M404,INNOVATION DIPLOMA PLUS,2/28/2023,30.46
03M415,WADLEIGH SECONDARY SCHOOL FOR THE PERFORMING   VIS,2/28/2023,68.86
03M417,FRANK MCCOURT HIGH SCHOOL,2/28/2023,80.35
03M421,WEST PREP ACADEMY,2/28/2023,70.00
03M452,P.S. 452,2/28/2023,91.25
03M479,BEACON HIGH SCHOOL,2/28/2023,NS
03M485,FIORELLO H. LAGUARDIA HIGH SCHOOL OF MUSIC   ART A,2/28/2023,86.22
03M492,"HIGH SCHOOL FOR LAW, ADVOCACY AND COMMUNITY JUSTIC",2/28/2023,58.35
03M494,HIGH SCHOOL OF ARTS AND TECHNOLOGY,2/28/2023,57.01
03M505,EDWARD A. REYNOLDS WEST SIDE HIGH SCHOOL,2/28/2023,25.85
03M541,MANHATTAN   HUNTER SCIENCE HIGH SCHOOL,2/28/2023,88.63
03M859,SPECIAL MUSIC SCHOOL,2/28/2023,90.06
03M860,FREDERICK DOUGLASS ACADEMY II SECONDARY SCHOOL,2/28/2023,70.99
03M862,MOTT HALL II,2/28/2023,83.51
04M007,P.S. 007 SAMUEL STERN,2/28/2023,73.76
04M012,TAG YOUNG SCHOLARS,2/28/2023,93.09
04M037,RIVER EAST ELEMENTARY,2/28/2023,77.15
04M038,P.S. 38 ROBERTO CLEMENTE,2/28/2023,73.07
04M057,JAMES WELDON JOHNSON,2/28/2023,76.01
04M072,THE LEXINGTON ACADEMY,2/28/2023,76.19
04M083,P.S. 083 LUIS MUNOZ RIVERA,2/28/2023,69.53
04M096,P.S. 096 JOSEPH LANZETTA,2/28/2023,68.24
04M102,P.S. 102 JACQUES CARTIER,2/28/2023,79.61
04M108,P.S. 108 ASSEMBLYMAN ANGELO DEL TORO EDUCATIONAL C,2/28/2023,75.83
04M112,P.S. 112 JOSE CELSO BARBOSA,2/28/2023,69.59
04M146,P.S. 146 ANN M. SHORT,2/28/2023,82.22
04M155,P.S. 155 WILLIAM PACA,2/28/2023,NS
04M171,P.S. 171 PATRICK HENRY,2/28/2023,83.72
04M182,THE BILINGUAL BICULTURAL SCHOOL,2/28/2023,76.22
04M206,P.S. 206 JOSE CELSO BARBOSA,2/28/2023,77.64
04M224,M.S. 224 MANHATTAN EAST SCHOOL FOR ARTS   ACADEMIC,2/28/2023,78.40
04M310,THE JUDITH S. KAYE SCHOOL,2/28/2023,38.25
04M372,ESPERANZA PREPARATORY ACADEMY,2/28/2023,71.91
04M375,MOSAIC PREPARATORY ACADEMY,2/28/2023,74.60
04M377,RENAISSANCE SCHOOL OF THE ARTS,2/28/2023,70.58
04M435,MANHATTAN CENTER FOR SCIENCE AND MATHEMATICS,2/28/2023,77.06
04M495,PARK EAST HIGH SCHOOL,2/28/2023,82.50
04M497,CENTRAL PARK EAST I,2/28/2023,84.52
04M555,CENTRAL PARK EAST HIGH SCHOOL,2/28/2023,80.85
04M610,YOUNG WOMEN S LEADERSHIP SCHOOL,2/28/2023,79.40
04M680,"HERITAGE SCHOOL, THE",2/28/2023,52.49
04M825,ISAAC NEWTON MIDDLE SCHOOL FOR MATH   SCIENCE,2/28/2023,77.88
04M964,CENTRAL PARK EAST II,2/28/2023,74.46
05M030,P.S. 030 HERNANDEZ HUGHES,2/28/2023,75.00
05M036,P.S. 036 MARGARET DOUGLAS,2/28/2023,72.62
05M046,P.S. 046 ARTHUR TAPPAN,2/28/2023,70.49
05M092,P.S. 092 MARY MCLEOD BETHUNE,2/28/2023,64.06
05M123,P.S. 123 MAHALIA JACKSON,2/28/2023,80.15
05M125,P.S. 125 RALPH BUNCHE,2/28/2023,85.71
05M129,P.S. 129 JOHN H. FINLEY,2/28/2023,73.63
05M133,P.S. 133 FRED R MOORE,2/28/2023,91.58
05M148,EAGLE ACADEMY FOR YOUNG MEN OF HARLEM,2/28/2023,60.19
05M154,P.S. 154 HARRIET TUBMAN,2/28/2023,75.11
05M157,THE URBAN ASSEMBLY SCHOOL FOR GLOBAL COMMERCE,2/28/2023,54.79
05M161,P.S. 161 PEDRO ALBIZU CAMPOS,2/28/2023,82.77
05M175,P.S. 175 HENRY H GARNET,2/28/2023,76.72
05M194,P.S. 194 COUNTEE CULLEN,2/28/2023,76.58
05M197,P.S. 197 JOHN B. RUSSWURM,2/28/2023,91.00
05M200,P.S. 200  THE JAMES MCCUNE SMITH SCHOOL,2/28/2023,75.87
05M285,HARLEM RENAISSANCE HIGH SCHOOL,2/28/2023,36.00
05M286,URBAN ASSEMBLY ACADEMY FOR FUTURE LEADERS,2/28/2023,78.66
05M304,MOTT HALL HIGH SCHOOL,2/28/2023,53.84
05M318,THURGOOD MARSHALL ACADEMY LOWER SCHOOL,2/28/2023,80.95
05M362,COLUMBIA SECONDARY SCHOOL,2/28/2023,87.19
05M369,URBAN ASSEMBLY SCHOOL FOR THE PERFORMING ARTS,2/28/2023,61.75
05M371,SCHOOL OF EARTH EXPLORATION AND DISCOVERY HARLEM,2/28/2023,68.29
05M499,FREDERICK DOUGLASS ACADEMY,2/28/2023,70.82
05M514,NEW DESIGN MIDDLE SCHOOL,2/28/2023,64.38
05M517,TEACHERS COLLEGE COMMUNITY SCHOOL,2/28/2023,84.37
05M670,THURGOOD MARSHALL ACADEMY FOR LEARNING AND SOCIAL,2/28/2023,73.71
05M692,"HIGH SCHOOL FOR MATHEMATICS, SCIENCE AND ENGINEERI",2/28/2023,93.30
06M004,P.S. 004 DUKE ELLINGTON,2/28/2023,79.38
06M005,P.S. 005 ELLEN LURIE,2/28/2023,74.41
06M008,P.S. 008 LUIS BELLIARD,2/28/2023,77.01
06M018,P.S. 018 PARK TERRACE,2/28/2023,72.72
06M028,P.S. 028 WRIGHT BROTHERS,2/28/2023,80.72
06M048,P.S. 048 P.O. MICHAEL J. BUCZEK,2/28/2023,76.48
06M052,HAROLD O. LEVY SCHOOL,2/28/2023,82.80
06M098,P.S. 098 SHORAC KAPPOCK,2/28/2023,76.20
06M103,DOS PUENTES ELEMENTARY SCHOOL,2/28/2023,86.98
06M115,P.S. 115 ALEXANDER HUMBOLDT,2/28/2023,75.06
06M128,P.S. 128 AUDUBON,2/28/2023,75.40
06M132,P.S. 132 JUAN PABLO DUARTE,2/28/2023,83.90
06M143,J.H.S. 143 ELEANOR ROOSEVELT,2/28/2023,74.14
06M152,P.S. 152 DYCKMAN VALLEY,2/28/2023,80.44
06M153,P.S. 153 ADAM CLAYTON POWELL,2/28/2023,83.62
06M173,P.S. 173,2/28/2023,77.85
06M178,PROFESSOR JUAN BOSCH PUBLIC SCHOOL,2/28/2023,84.30
06M187,P.S. I.S. 187 HUDSON CLIFFS,2/28/2023,86.70
06M189,P.S. 189,2/28/2023,77.84
06M192,P.S. 192 JACOB H. SCHIFF,2/28/2023,81.64
06M209,HAMILTON GRANGE MIDDLE SCHOOL,2/28/2023,NS
06M210,P.S. I.S. 210   TWENTY FIRST CENTURY ACADEMY FOR C,2/28/2023,84.37
06M211,INWOOD EARLY COLLEGE FOR HEALTH AND INFORMATION TE,2/28/2023,52.45
06M223,THE MOTT HALL SCHOOL,2/28/2023,88.30
06M278,PAULA HEDBAVNY SCHOOL,2/28/2023,77.15
06M293,CITY COLLEGE ACADEMY OF THE ARTS,2/28/2023,81.51
06M311,AMISTAD DUAL LANGUAGE SCHOOL,2/28/2023,82.82
06M314,MUSCOTA,2/28/2023,92.06
06M319,M.S. 319   MARIA TERESA,2/28/2023,74.36
06M322,MIDDLE SCHOOL 322,2/28/2023,81.64
06M324,M.S. 324   PATRIA MIRABAL,2/28/2023,86.25
06M328,COMMUNITY MATH   SCIENCE PREP,2/28/2023,80.00
06M346,COMMUNITY HEALTH ACADEMY OF THE HEIGHTS,2/28/2023,77.61
06M348,WASHINGTON HEIGHTS EXPEDITIONARY LEARNING SCHOOL,2/28/2023,66.91
06M349,HARBOR HEIGHTS,2/28/2023,93.42
06M366,WASHINGTON HEIGHTS ACADEMY,2/28/2023,77.01
06M368,THE WILLIAM LYNCH SCHOOL,2/28/2023,80.50
06M423,HIGH SCHOOL FOR EXCELLENCE AND INNOVATION,2/28/2023,45.18
06M462,THE COLLEGE ACADEMY,2/28/2023,65.04
06M463,HIGH SCHOOL FOR MEDIA AND COMMUNICATIONS,2/28/2023,65.15
06M467,HIGH SCHOOL FOR LAW AND PUBLIC SERVICE,2/28/2023,58.70
06M468,HIGH SCHOOL FOR HEALTH CAREERS AND SCIENCES,2/28/2023,60.59
06M513,CASTLE BRIDGE SCHOOL,2/28/2023,87.87
06M528,I.S. 528 BEA FULLER RODGERS SCHOOL,2/28/2023,78.68
06M540,A. PHILIP RANDOLPH CAMPUS HIGH SCHOOL,2/28/2023,59.40
06M552,GREGORIO LUPERON HIGH SCHOOL FOR SCIENCE AND MATHE,2/28/2023,70.22
07X001,P.S. 001 COURTLANDT SCHOOL,2/28/2023,78.64
07X005,P.S. 5 PORT MORRIS,2/28/2023,79.00
07X018,P.S. 018 JOHN PETER ZENGER,2/28/2023,82.25
07X025,P.S. 025 BILINGUAL SCHOOL,2/28/2023,81.55
07X029,P.S. M.S. 029 MELROSE SCHOOL,2/28/2023,71.46
07X030,P.S. 030 WILTON,2/28/2023,78.79
07X031,P.S. M.S. 031 THE WILLIAM LLOYD GARRISON,2/28/2023,83.10
07X043,P.S. 043 JONAS BRONCK,2/28/2023,78.08
07X049,P.S. 049 WILLIS AVENUE,2/28/2023,86.80
07X065,P.S. 065 MOTHER HALE ACADEMY,2/28/2023,80.27
07X154,P.S. 154 JONATHAN D. HYATT,2/28/2023,83.40
07X157,P.S. 157 GROVE HILL,2/28/2023,73.51
07X161,P.S. 161 JUAN PONCE DE LEON SCHOOL,2/28/2023,75.65
07X179,P.S. 179,2/28/2023,62.33
07X221,SOUTH BRONX PREPARATORY: A COLLEGE BOARD SCHOOL,2/28/2023,81.58
07X223,THE LABORATORY SCHOOL OF FINANCE AND TECHNOLOGY: X,2/28/2023,81.02
07X224,P.S. I.S. 224,2/28/2023,73.55
07X259,"H.E.R.O. HIGH  HEALTH, EDUCATION, AND RESEARCH OCC",2/28/2023,60.91
07X277,P.S. 277,2/28/2023,74.07
07X296,SOUTH BRONX ACADEMY FOR APPLIED MEDIA,2/28/2023,74.02
07X298,ACADEMY OF PUBLIC RELATIONS,2/28/2023,88.63
07X334,INTERNATIONAL COMMUNITY HIGH SCHOOL,2/28/2023,77.59
07X343,ACADEMY OF APPLIED MATHEMATICS AND TECHNOLOGY,2/28/2023,72.81
07X359,CONCOURSE VILLAGE ELEMENTARY SCHOOL,2/28/2023,85.71
07X369,YOUNG LEADERS ELEMENTARY SCHOOL,2/28/2023,81.16
07X379,JILL CHAIFETZ TRANSFER HIGH SCHOOL,2/28/2023,20.94
07X381,BRONX HAVEN HIGH SCHOOL,2/28/2023,36.15
07X427,COMMUNITY SCHOOL FOR SOCIAL JUSTICE,2/28/2023,52.59
07X473,MOTT HAVEN VILLAGE PREPARATORY HIGH SCHOOL,2/28/2023,67.26
07X495,UNIVERSITY HEIGHTS SECONDARY SCHOOL,2/28/2023,78.09
07X500,HOSTOS LINCOLN ACADEMY OF SCIENCE,2/28/2023,75.00
07X522,BRONX DESIGN AND CONSTRUCTION ACADEMY,2/28/2023,63.67
07X527,BRONX LEADERSHIP ACADEMY II HIGH SCHOOL,2/28/2023,59.17
07X533,LEARNING THROUGH PLAY PRE K CENTER,2/28/2023,68.80
07X548,CAREERS IN SPORTS HIGH SCHOOL,2/28/2023,44.10
07X551,THE URBAN ASSEMBLY BRONX ACADEMY OF LETTERS,2/28/2023,63.90
07X557,MOTT HAVEN COMMUNITY HIGH SCHOOL,2/28/2023,32.59
07X584,I.S. 584,2/28/2023,79.55
07X600,ALFRED E. SMITH CAREER AND TECHNICAL EDUCATION HIG,2/28/2023,72.00
07X625,BRONX LEGACY HIGH SCHOOL,2/28/2023,64.00
07X670,HEALTH OPPORTUNITIES HIGH SCHOOL,2/28/2023,61.92
08X014,P.S. X014 SENATOR JOHN CALANDRA,2/28/2023,78.03
08X036,P.S. 036 UNIONPORT,2/28/2023,80.28
08X048,P.S. 048 JOSEPH R. DRAKE,2/28/2023,68.86
08X062,P.S. 062 INOCENSIO CASANOVA,2/28/2023,75.98
08X069,P.S. 069 JOURNEY PREP SCHOOL,2/28/2023,74.44
08X071,P.S. 071 ROSE E. SCALA,2/28/2023,79.07
08X072,P.S. 072 DR. WILLIAM DORNEY,2/28/2023,71.12
08X075,P.S. 75 SCHOOL OF RESEARCH AND DISCOVERY,2/28/2023,72.30
08X093,P.S. 093 ALBERT G. OLIVER,2/28/2023,72.52
08X100,P.S. 100 ISAAC CLASON,2/28/2023,73.55
08X101,M.S. X101 EDWARD R. BYRNE,2/28/2023,81.49
08X107,P.S. 107,2/28/2023,63.63
08X119,THE DR. EMMETT W. BASSETT SCHOOL,2/28/2023,74.31
08X123,J.H.S. 123 JAMES M. KIERAN,2/28/2023,78.63
08X130,P.S. 130 ABRAM STEVENS HEWITT,2/28/2023,73.52
08X131,J.H.S. 131 ALBERT EINSTEIN,2/28/2023,70.43
08X138,P.S. 138 SAMUEL RANDALL,2/28/2023,72.15
08X140,P.S. X140 THE EAGLE SCHOOL,2/28/2023,60.15
08X146,P.S. 146 EDWARD COLLINS,2/28/2023,77.70
08X152,P.S. 152 EVERGREEN,2/28/2023,79.05
08X182,P.S. 182,2/28/2023,72.82
08X269,BRONX STUDIO SCHOOL FOR WRITERS AND ARTISTS,2/28/2023,67.49
08X282,WOMEN S ACADEMY OF EXCELLENCE,2/28/2023,62.35
08X293,RENAISSANCE HIGH SCHOOL FOR MUSICAL THEATER AND TH,2/28/2023,55.71
08X301,M.S. 301 PAUL L. DUNBAR,2/28/2023,65.28
08X302,M.S. 302 LUISA DESSUS CRUZ,2/28/2023,79.48
08X304,P.S. 304 EARLY CHILDHOOD SCHOOL,2/28/2023,78.86
08X312,MILLENNIUM ART ACADEMY,2/28/2023,50.99
08X320,PELHAM LAB HIGH SCHOOL,2/28/2023,56.27
08X333,THE LONGWOOD ACADEMY OF DISCOVERY,2/28/2023,72.07
08X337,THE SCHOOL FOR INQUIRY AND SOCIAL JUSTICE,2/28/2023,78.88
08X348,SCHUYLERVILLE PREPARATORY HIGH SCHOOL,2/28/2023,56.54
08X349,BRONX RIVER HIGH SCHOOL,2/28/2023,64.53
08X367,"ARCHIMEDES ACADEMY FOR MATH, SCIENCE AND TECHNOLOG",2/28/2023,68.17
08X371,URBAN INSTITUTE OF MATHEMATICS,2/28/2023,76.06
08X375,THE BRONX MATHEMATICS PREPARATORY SCHOOL,2/28/2023,72.02
08X376,ANTONIA PANTOJA PREPARATORY ACADEMY: A COLLEGE BOA,2/28/2023,61.77
08X377,BRONX COMMUNITY HIGH SCHOOL,2/28/2023,42.95
08X392,BRONX DELTA SCHOOL,2/28/2023,72.66
08X405,HERBERT H. LEHMAN HIGH SCHOOL,2/28/2023,54.34
08X424,BRONX ACADEMY FOR MULTI MEDIA,2/28/2023,76.04
08X432,BRONX BRIDGES HIGH SCHOOL,2/28/2023,69.56
08X448,SOUNDVIEW ACADEMY FOR CULTURE AND SCHOLARSHIP,2/28/2023,70.32
08X452,GOTHAM COLLABORATIVE HIGH SCHOOL,2/28/2023,44.13
08X467,MOTT HALL COMMUNITY SCHOOL,2/28/2023,50.81
08X530,LONGWOOD PREPARATORY ACADEMY,2/28/2023,69.38
08X537,BRONX ARENA HIGH SCHOOL,2/28/2023,30.93
08X558,WESTCHESTER SQUARE ACADEMY,2/28/2023,59.40
08X561,BRONX COMPASS HIGH SCHOOL,2/28/2023,54.42
08X562,PUGSLEY PREPARATORY ACADEMY,2/28/2023,73.85
08X583,P.S. 583,2/28/2023,76.92
09X004,P.S. M.S. 004 CROTONA PARK WEST,2/28/2023,73.76
09X011,P.S. 011 HIGHBRIDGE,2/28/2023,72.64
09X022,J.H.S. 022 JORDAN L. MOTT,2/28/2023,62.02
09X028,P.S. 028 MOUNT HOPE,2/28/2023,72.23
09X035,P.S. 035 FRANZ SIEGEL,2/28/2023,79.65
09X042,P.S. 042 CLAREMONT,2/28/2023,78.41
09X053,P.S. 053 BASHEER QUISIM,2/28/2023,73.49
09X055,P.S. 055 BENJAMIN FRANKLIN,2/28/2023,67.20
09X058,P.S. 058,2/28/2023,64.66
09X063,P.S. 063 AUTHOR S ACADEMY,2/28/2023,78.77
09X070,P.S. 070 MAX SCHOENFELD,2/28/2023,71.79
09X073,P.S. 073 BRONX,2/28/2023,80.53
09X088,P.S. X088   S. SILVERSTEIN LITTLE SPARROW SCHOOL,2/28/2023,75.49
09X109,P.S. 109 SEDGWICK,2/28/2023,67.84
09X110,P.S. 110 THEODORE SCHOENFELD,2/28/2023,75.45
09X114,P.S. X114   LUIS LLORENS TORRES SCHOOLS,2/28/2023,81.45
09X117,I.S. 117 JOSEPH H. WADE,2/28/2023,71.07
09X126,P.S. 126 DR MARJORIE H DUNBAR,2/28/2023,68.72
09X128,MOTT HALL III,2/28/2023,79.87
09X132,P.S. 132 GARRET A. MORGAN,2/28/2023,70.57
09X163,P.S. 163 ARTHUR A. SCHOMBURG,2/28/2023,77.08
09X170,P.S. 170,2/28/2023,84.37
09X199,P.S. 199X   THE SHAKESPEARE SCHOOL,2/28/2023,78.31
09X204,P.S. 204 MORRIS HEIGHTS,2/28/2023,81.98
09X215,KAPPA,2/28/2023,74.02
09X218,P.S. I.S. 218 RAFAEL HERNANDEZ DUAL LANGUAGE MAGNE,2/28/2023,77.42
09X219,I.S. 219 NEW VENTURE SCHOOL,2/28/2023,83.60
09X227,BRONX COLLEGIATE ACADEMY,2/28/2023,65.72
09X229,I.S. 229 ROLAND PATTERSON,2/28/2023,65.51
09X231,EAGLE ACADEMY FOR YOUNG MEN,2/28/2023,68.18
09X232,I.S. 232,2/28/2023,76.34
09X236,P.S. 236 LANGSTON HUGHES,2/28/2023,79.13
09X241,URBAN ASSEMBLY SCHOOL FOR APPLIED MATH AND SCIENCE,2/28/2023,59.89
09X250,EXIMIUS COLLEGE PREPARATORY ACADEMY: A COLLEGE BOA,2/28/2023,62.08
09X252,MOTT HALL BRONX HIGH SCHOOL,2/28/2023,58.85
09X260,BRONX CENTER FOR SCIENCE AND MATHEMATICS,2/28/2023,67.94
09X263,VALIDUS PREPARATORY ACADEMY,2/28/2023,58.33
09X274,THE NEW AMERICAN ACADEMY AT ROBERTO CLEMENTE STATE,2/28/2023,74.07
09X294,THE WALTON AVENUE SCHOOL,2/28/2023,74.81
09X297,MORRIS ACADEMY FOR COLLABORATIVE STUDIES,2/28/2023,53.79
09X303,I.S. X303 LEADERSHIP   COMMUNITY SERVICE,2/28/2023,76.89
09X311,LUCERO ELEMENTARY SCHOOL,2/28/2023,76.70
09X313,I.S. 313 SCHOOL OF LEADERSHIP DEVELOPMENT,2/28/2023,76.21
09X323,BRONX WRITING ACADEMY,2/28/2023,72.19
09X324,BRONX EARLY COLLEGE ACADEMY FOR TEACHING   LEARNIN,2/28/2023,77.50
09X327,COMPREHENSIVE MODEL SCHOOL PROJECT M.S. 327,2/28/2023,71.15
09X328,NEW MILLENNIUM BRONX ACADEMY OF THE ARTS,2/28/2023,78.39
09X329,DREAMYARD PREPARATORY SCHOOL,2/28/2023,59.25
09X339,I.S. 339,2/28/2023,70.22
09X350,NEW DIRECTIONS SECONDARY SCHOOL,2/28/2023,64.17
09X361,THE HIGHBRIDGE GREEN SCHOOL,2/28/2023,79.05
09X365,ACADEMY FOR LANGUAGE AND TECHNOLOGY,2/28/2023,80.16
09X403,BRONX INTERNATIONAL HIGH SCHOOL,2/28/2023,70.05
09X404,SCHOOL FOR EXCELLENCE,2/28/2023,64.64
09X412,BRONX HIGH SCHOOL OF BUSINESS,2/28/2023,63.72
09X413,BRONX HIGH SCHOOL FOR MEDICAL SCIENCE,2/28/2023,85.05
09X443,THE FAMILY SCHOOL,2/28/2023,75.95
09X449,GRANT AVENUE ELEMENTARY SCHOOL,2/28/2023,75.81
09X454,SCIENCE AND TECHNOLOGY ACADEMY: A MOTT HALL SCHOOL,2/28/2023,79.61
09X457,SHERIDAN ACADEMY FOR YOUNG LEADERS,2/28/2023,80.24
09X505,"BRONX SCHOOL FOR LAW, GOVERNMENT AND JUSTICE",2/28/2023,76.05
09X517,FREDERICK DOUGLASS ACADEMY III SECONDARY SCHOOL,2/28/2023,54.79
09X525,BRONX LEADERSHIP ACADEMY HIGH SCHOOL,2/28/2023,60.92
09X543,HIGH SCHOOL FOR VIOLIN AND DANCE,2/28/2023,39.20
09X555,MOUNT EDEN CHILDREN S ACADEMY,2/28/2023,76.37
09X564,CLAREMONT INTERNATIONAL HS,2/28/2023,71.31
09X568,YOUNG WOMEN S LEADERSHIP SCHOOL OF THE BRONX,2/28/2023,75.57
09X582,GARDEN OF LEARNING AND DISCOVERY PRE K CENTER,2/28/2023,63.04
09X593,SOUTH BRONX INTERNATIONAL MIDDLE SCHOOL,2/28/2023,85.20
09X594,NEW PATHWAYS ACADEMY,2/28/2023,70.10
10X003,P.S. 3 RAUL JULIA MICRO SOCIETY,2/28/2023,79.61
10X007,MILTON FEIN SCHOOL,2/28/2023,87.00
10X008,P.S. 008 ISAAC VARIAN,2/28/2023,69.47
10X009,P.S. 9 RYER AVENUE ELEMENTARY SCHOOL,2/28/2023,73.89
10X015,P.S. X015 INSTITUTE FOR ENVIRONMENTAL LEARNING,2/28/2023,80.34
10X020,"PS MS 20 P.O.GEORGE J. WERDANN, III",2/28/2023,67.67
10X023,P.S. 023 THE NEW CHILDREN S SCHOOL,2/28/2023,74.35
10X024,P.S. 024 SPUYTEN DUYVIL,2/28/2023,86.98
10X032,P.S. 032 BELMONT,2/28/2023,62.32
10X033,P.S. 033 TIMOTHY DWIGHT,2/28/2023,73.94
10X037,P.S. X037   MULTIPLE INTELLIGENCE SCHOOL,2/28/2023,67.89
10X045,THOMAS C. GIORDANO MIDDLE SCHOOL 45,2/28/2023,73.30
10X046,P.S. 046 EDGAR ALLAN POE,2/28/2023,81.59
10X051,THE BRONX STEM AND ARTS ACADEMY,2/28/2023,69.28
10X054,P.S. I.S. 54,2/28/2023,72.77
10X056,P.S. 056 NORWOOD HEIGHTS,2/28/2023,68.58
10X059,P.S. 059 THE COMMUNITY SCHOOL OF TECHNOLOGY,2/28/2023,66.22
10X077,BEDFORD PARK ELEMENTARY SCHOOL,2/28/2023,72.53
10X080,J.H.S. 080 THE MOSHOLU PARKWAY,2/28/2023,67.31
10X081,P.S. 081 ROBERT J. CHRISTEN,2/28/2023,82.86
10X085,P.S. 085 GREAT EXPECTATIONS,2/28/2023,78.29
10X086,P.S. 086 KINGSBRIDGE HEIGHTS,2/28/2023,77.46
10X091,P.S. 091 BRONX,2/28/2023,78.28
10X094,P.S. 094 KINGS COLLEGE SCHOOL,2/28/2023,71.19
10X095,P.S. 095 SHEILA MENCHER,2/28/2023,72.95
10X118,J.H.S. 118 WILLIAM W. NILES,2/28/2023,73.63
10X141,RIVERDALE   KINGSBRIDGE ACADEMY  MIDDLE SCHOOL   H,2/28/2023,76.16
10X159,P.S. 159 LUIS MUNOZ MARIN BILING,2/28/2023,85.21
10X205,P.S. 205 FIORELLO LAGUARDIA,2/28/2023,69.78
10X206,I.S. 206 ANN MERSEREAU,2/28/2023,76.50
10X207,P.S. 207,2/28/2023,74.22
10X209,P.S. 209,2/28/2023,84.44
10X213,BRONX ENGINEERING AND TECHNOLOGY ACADEMY,2/28/2023,58.47
10X225,THEATRE ARTS PRODUCTION COMPANY SCHOOL,2/28/2023,58.47
10X226,P.S. 226,2/28/2023,77.07
10X228,JONAS BRONCK ACADEMY,2/28/2023,83.52
10X237,"THE MARIE CURIE SCHOOL FOR MEDICINE, NURSING, AND",2/28/2023,38.31
10X243,WEST BRONX ACADEMY FOR THE FUTURE,2/28/2023,73.76
10X244,THE NEW SCHOOL FOR LEADERSHIP AND JOURNALISM,2/28/2023,76.72
10X246,P.S. 246 POE CENTER,2/28/2023,NS
10X254,I.S. 254,2/28/2023,77.82
10X264,BRONX ACADEMY FOR SOFTWARE ENGINEERING  BASE,2/28/2023,50.52
10X268,KINGSBRIDGE INTERNATIONAL HIGH SCHOOL,2/28/2023,71.67
10X279,"P.S. 279 CAPTAIN MANUEL RIVERA, JR.",2/28/2023,79.06
10X280,P.S. M.S. 280 MOSHOLU PARKWAY,2/28/2023,75.69
10X284,BRONX SCHOOL OF LAW AND FINANCE,2/28/2023,60.47
10X291,P.S. 291,2/28/2023,79.32
10X306,P.S. 306,2/28/2023,78.88
10X307,LUISA PINEIRO FUENTES SCHOOL OF SCIENCE AND DISCOV,2/28/2023,68.39
10X308,BRONX DANCE ACADEMY SCHOOL,2/28/2023,NS
10X310,P.S. 310 MARBLE HILL,2/28/2023,75.33
10X315,P.S. 315 LAB SCHOOL,2/28/2023,77.55
10X319,PROVIDING URBAN LEARNERS SUCCESS IN EDUCATION HIGH,2/28/2023,22.16
10X331,THE BRONX SCHOOL OF YOUNG LEADERS,2/28/2023,76.81
10X340,P.S. 340,2/28/2023,72.88
10X342,INTERNATIONAL SCHOOL FOR LIBERAL ARTS,2/28/2023,69.60
10X344,AMPARK NEIGHBORHOOD,2/28/2023,76.12
10X351,BRONX COLLABORATIVE HIGH SCHOOL,2/28/2023,41.94
10X353,WORLD VIEW HIGH SCHOOL,2/28/2023,67.68
10X360,P.S. 360,2/28/2023,71.29
10X363,ACADEMY FOR PERSONAL LEADERSHIP AND EXCELLENCE,2/28/2023,72.94
10X368,IN TECH ACADEMY  M.S.   HIGH SCHOOL 368,2/28/2023,72.18
10X374,KNOWLEDGE AND POWER PREPARATORY ACADEMY INTERNATIO,2/28/2023,NS
10X382,"ELEMENTARY SCHOOL FOR MATH, SCIENCE, AND TECHNOLOG",2/28/2023,82.85
10X386,SCHOOL FOR ENVIRONMENTAL CITIZENSHIP,2/28/2023,86.56
10X390,M.S. 390,2/28/2023,74.68
10X391,THE ANGELO PATRI MIDDLE SCHOOL,2/28/2023,77.00
10X396,P.S. 396,2/28/2023,74.55
10X397,ENGLISH LANGUAGE LEARNERS AND INTERNATIONAL SUPPOR,2/28/2023,71.42
10X433,HIGH SCHOOL FOR TEACHING AND THE PROFESSIONS,2/28/2023,67.64
10X434,BELMONT PREPARATORY HIGH SCHOOL,2/28/2023,68.68
10X437,FORDHAM HIGH SCHOOL FOR THE ARTS,2/28/2023,73.14
10X438,FORDHAM LEADERSHIP ACADEMY,2/28/2023,60.75
10X439,BRONX HIGH SCHOOL FOR LAW AND COMMUNITY SERVICE,2/28/2023,64.65
10X440,DEWITT CLINTON HIGH SCHOOL,2/28/2023,53.57
10X442,"CELIA CRUZ BRONX HIGH SCHOOL OF MUSIC, THE",2/28/2023,68.90
10X445,THE BRONX HIGH SCHOOL OF SCIENCE,2/28/2023,93.09
10X447,CRESTON ACADEMY,2/28/2023,79.63
10X477,MARBLE HILL HIGH SCHOOL FOR INTERNATIONAL STUDIES,2/28/2023,73.73
10X524,CROTONA INTERNATIONAL HIGH SCHOOL,2/28/2023,74.65
10X535,ROSE HILL PRE K CENTER,2/28/2023,61.45
10X546,BRONX THEATRE HIGH SCHOOL,2/28/2023,49.55
10X549,DISCOVERY HIGH SCHOOL,2/28/2023,NS
10X565,HIGH SCHOOL FOR ENERGY AND TECHNOLOGY,2/28/2023,54.17
10X696,HIGH SCHOOL OF AMERICAN STUDIES AT LEHMAN COLLEGE,2/28/2023,90.86
11X016,P.S. 016 WAKEFIELD,2/28/2023,69.08
11X019,P.S. 019 JUDITH K. WEISS,2/28/2023,84.39
11X021,P.S. 021 PHILIP H. SHERIDAN,2/28/2023,60.07
11X041,P.S. 041 GUN HILL ROAD,2/28/2023,71.00
11X068,P.S. 068 BRONX,2/28/2023,73.15
11X076,P.S. 076 THE BENNINGTON SCHOOL,2/28/2023,70.53
11X078,P.S. 078 ANNE HUTCHINSON,2/28/2023,65.51
11X083,P.S. 083 DONALD HERTZ,2/28/2023,82.83
11X087,P.S. 087 BRONX,2/28/2023,75.22
11X089,P.S. 089 BRONX,2/28/2023,72.83
11X096,P.S. 096 RICHARD RODGERS,2/28/2023,82.35
11X097,P.S. 097 BRONX,2/28/2023,73.38
11X103,P.S. 103 HECTOR FONTANEZ,2/28/2023,72.56
11X105,P.S. 105 SEN ABRAHAM BERNSTEIN,2/28/2023,73.57
11X106,P.S. 106 PARKCHESTER,2/28/2023,80.49
11X108,P.S. 108 PHILIP J. ABINANTI,2/28/2023,87.16
11X111,P.S. 111 SETON FALLS,2/28/2023,66.97
11X112,P.S. 112 BRONXWOOD,2/28/2023,68.73
11X121,P.S. 121 THROOP,2/28/2023,69.39
11X127,J.H.S. 127 THE CASTLE HILL,2/28/2023,84.01
11X144,J.H.S. 144 MICHELANGELO,2/28/2023,68.65
11X153,P.S. 153 HELEN KELLER,2/28/2023,81.87
11X160,P.S. 160 WALT DISNEY,2/28/2023,78.97
11X169,BAYCHESTER ACADEMY,2/28/2023,80.25
11X175,P.S. 175 CITY ISLAND,2/28/2023,83.12
11X178,P.S. 178   DR. SELMAN WAKSMAN,2/28/2023,79.43
11X180,M.S. 180 DR. DANIEL HALE WILLIAMS,2/28/2023,79.84
11X181,I.S. 181 PABLO CASALS,2/28/2023,76.72
11X189,CORNERSTONE ACADEMY FOR SOCIAL ACTION,2/28/2023,67.03
11X194,P.S. M.S. 194,2/28/2023,78.71
11X249,BRONX HEALTH SCIENCES HIGH SCHOOL,2/28/2023,59.88
11X253,BRONX HIGH SCHOOL FOR WRITING AND COMMUNICATION AR,2/28/2023,51.05
11X265,BRONX LAB SCHOOL,2/28/2023,65.59
11X270,ACADEMY FOR SCHOLARSHIP AND ENTREPRENEURSHIP: A CO,2/28/2023,59.78
11X275,HIGH SCHOOL OF COMPUTERS AND TECHNOLOGY,2/28/2023,62.23
11X287,NORTH BRONX SCHOOL OF EMPOWERMENT,2/28/2023,67.66
11X288,COLLEGIATE INSTITUTE FOR MATH AND SCIENCE,2/28/2023,63.94
11X290,BRONX ACADEMY OF HEALTH CAREERS,2/28/2023,52.08
11X299,ASTOR COLLEGIATE ACADEMY,2/28/2023,61.68
11X326,BRONX GREEN MIDDLE SCHOOL,2/28/2023,68.39
11X355,BRONX ALLIANCE MIDDLE SCHOOL,2/28/2023,65.27
11X357,YOUNG VOICES ACADEMY OF THE BRONX,2/28/2023,80.96
11X370,LEADERS OF TOMORROW,2/28/2023,68.62
11X418,BRONX HIGH SCHOOL FOR THE VISUAL ARTS,2/28/2023,50.74
11X455,HARRY S TRUMAN HIGH SCHOOL,2/28/2023,50.37
11X462,CORNERSTONE ACADEMY FOR SOCIAL ACTION MIDDLE SCHOO,2/28/2023,77.91
11X468,PELHAM ACADEMY OF ACADEMICS AND COMMUNITY ENGAGEME,2/28/2023,67.84
11X481,THE STEAM BRIDGE SCHOOL,2/28/2023,84.09
11X483,THE MATILDA AVENUE SCHOOL,2/28/2023,69.29
11X498,P.S. M.S. 11X498   VAN NEST ACADEMY,2/28/2023,83.82
11X508,BRONXDALE HIGH SCHOOL,2/28/2023,56.48
11X509,HIGH SCHOOL OF LANGUAGE AND INNOVATION,2/28/2023,80.11
11X513,NEW WORLD HIGH SCHOOL,2/28/2023,72.69
11X514,THE BRONXWOOD PREPARATORY ACADEMY,2/28/2023,52.44
11X529,ONE WORLD MIDDLE SCHOOL AT EDENWALD,2/28/2023,81.98
11X532,BAYCHESTER MIDDLE SCHOOL,2/28/2023,64.28
11X542,PELHAM PREPARATORY ACADEMY,2/28/2023,61.60
11X544,HIGH SCHOOL FOR CONTEMPORARY ARTS,2/28/2023,64.36
11X545,BRONX AEROSPACE HIGH SCHOOL,2/28/2023,51.92
11X556,BRONX PARK MIDDLE SCHOOL,2/28/2023,72.08
11X566,PELHAM GARDENS MIDDLE SCHOOL,2/28/2023,67.85
11X567,LINDEN TREE ELEMENTARY SCHOOL,2/28/2023,78.15
12X006,P.S. 006 WEST FARMS,2/28/2023,70.17
12X044,P.S. 044 DAVID C. FARRAGUT,2/28/2023,70.53
12X047,P.S. 047 JOHN RANDOLPH,2/28/2023,75.42
12X057,P.S. 057 CRESCENT,2/28/2023,71.50
12X061,P.S. 061 FRANCISCO OLLER,2/28/2023,79.66
12X066,P.S. 066 SCHOOL OF HIGHER EXPECTATIONS,2/28/2023,79.87
12X067,P.S. 067 MOHEGAN SCHOOL,2/28/2023,74.67
12X098,J.H.S. 098 HERMAN RIDDER,2/28/2023,79.83
12X129,M.S. 129 ACADEMY FOR INDEPENDENT LEARNING AND LEAD,2/28/2023,77.96
12X134,P.S. 134 GEORGE F. BRISTOW,2/28/2023,73.97
12X150,P.S. 150 CHARLES JAMES FOX,2/28/2023,78.13
12X190,E.S.M.T  I.S. 190,2/28/2023,75.79
12X195,P.S. 195,2/28/2023,81.85
12X196,P.S. 196,2/28/2023,79.74
12X211,P.S. 211,2/28/2023,75.50
12X214,P.S. 214,2/28/2023,68.59
12X217,SCHOOL OF PERFORMING ARTS,2/28/2023,68.52
12X242,MOTT HALL V,2/28/2023,77.64
12X248,"METROPOLITAN HIGH SCHOOL, THE",2/28/2023,64.66
12X251,EXPLORATIONS ACADEMY H.S.,2/28/2023,71.97
12X267,BRONX LATIN,2/28/2023,73.11
12X271,EAST BRONX ACADEMY FOR THE FUTURE,2/28/2023,68.44
12X273,FREDERICK DOUGLASS ACADEMY V. MIDDLE SCHOOL,2/28/2023,72.29
12X286,FANNIE LOU HAMER MIDDLE SCHOOL,2/28/2023,70.98
12X300,THE SCHOOL OF SCIENCE AND APPLIED LEARNING,2/28/2023,72.72
12X314,FAIRMONT NEIGHBORHOOD SCHOOL,2/28/2023,80.50
12X316,KAPPA III,2/28/2023,76.42
12X318,"I.S. X318 MATH, SCIENCE   TECHNOLOGY THROUGH ARTS",2/28/2023,76.74
12X341,ACCION ACADEMY,2/28/2023,77.10
12X383,EMOLIOR ACADEMY,2/28/2023,70.29
12X388,PAN AMERICAN INTERNATIONAL HIGH SCHOOL AT MONROE,2/28/2023,77.42
12X446,ARTURO A. SCHOMBURG SATELLITE ACADEMY BRONX,2/28/2023,33.73
12X458,SAMARA COMMUNITY SCHOOL,2/28/2023,83.00
12X463,URBAN SCHOLARS COMMUNITY SCHOOL,2/28/2023,85.37
12X478,THE CINEMA SCHOOL,2/28/2023,65.80
12X479,BRONX CAREER AND COLLEGE PREPARATORY HIGH SCHOOL,2/28/2023,63.44
12X480,BRONX REGIONAL HIGH SCHOOL,2/28/2023,22.96
12X511,BRONX ENVISION ACADEMY,2/28/2023,63.39
12X521,THE METROPOLITAN SOUNDVIEW HIGH SCHOOL,2/28/2023,69.19
12X531,ARCHER ELEMENTARY SCHOOL,2/28/2023,72.29
12X536,P.S. 536,2/28/2023,79.13
12X550,HIGH SCHOOL OF WORLD CULTURES,2/28/2023,76.31
12X595,P.S. 595,2/28/2023,71.30
12X626,CULTIVATING HEARTS AND MINDS PRE K CENTER,2/28/2023,66.97
12X682,FANNIE LOU HAMER FREEDOM HIGH SCHOOL,2/28/2023,53.36
12X684,WINGS ACADEMY,2/28/2023,58.82
12X691,BRONX LITTLE SCHOOL,2/28/2023,84.07
13K003,P.S. 003 THE BEDFORD VILLAGE,2/28/2023,80.61
13K008,THE EMILY WARREN ROEBLING SCHOOL,2/28/2023,93.01
13K009,PUBLIC SCHOOL 9 THE SARAH SMITH GARNET SCHOOL,2/28/2023,84.55
13K011,P.S. 011 PURVIS J. BEHAN,2/28/2023,90.04
13K020,P.S. 020 CLINTON HILL,2/28/2023,81.92
13K044,P.S. 044 MARCUS GARVEY,2/28/2023,72.72
13K046,P.S. 046 EDWARD C. BLUM,2/28/2023,81.19
13K054,P.S. 054 SAMUEL C. BARNES,2/28/2023,81.09
13K056,P.S. 056 LEWIS H. LATIMER,2/28/2023,87.25
13K067,P.S. 067 CHARLES A. DORSEY,2/28/2023,77.72
13K093,P.S. 093 WILLIAM H. PRESCOTT,2/28/2023,68.27
13K113,M.S. 113 RONALD EDMONDS LEARNING CENTER,2/28/2023,77.45
13K133,P.S. 133 WILLIAM A. BUTLER,2/28/2023,87.70
13K256,P.S. 256 BENJAMIN BANNEKER,2/28/2023,76.88
13K265,DR. SUSAN S. MCKINNEY SECONDARY SCHOOL OF THE ARTS,2/28/2023,67.24
13K266,M.S. K266   PARK PLACE COMMUNITY MIDDLE SCHOOL,2/28/2023,77.94
13K270,P.S. 270 JOHANN DEKALB,2/28/2023,74.48
13K282,P.S. 282 PARK SLOPE,2/28/2023,88.24
13K287,P.S. 287 BAILEY K. ASHFORD,2/28/2023,92.53
13K301,RESTORATION ACADEMY,2/28/2023,77.08
13K307,P.S. 307 DANIEL HALE WILLIAMS,2/28/2023,81.72
13K313,DOCK STREET SCHOOL FOR STEAM STUDIES,2/28/2023,87.50
13K350,URBAN ASSEMBLY SCHOOL OF MUSIC AND ART,2/28/2023,66.66
13K351,THE URBAN ASSEMBLY UNISON SCHOOL,2/28/2023,80.35
13K412,BROOKLYN COMMUNITY ARTS   MEDIA HIGH SCHOOL  BCAM,2/28/2023,68.11
13K419,"SCIENCE SKILLS CENTER HIGH SCHOOL FOR SCIENCE, TEC",2/28/2023,81.95
13K430,BROOKLYN TECHNICAL HIGH SCHOOL,2/28/2023,93.01
13K439,BROOKLYN INTERNATIONAL HIGH SCHOOL,2/28/2023,84.51
13K483,THE URBAN ASSEMBLY SCHOOL FOR LAW AND JUSTICE,2/28/2023,74.65
13K492,ACADEMY OF ARTS AND LETTERS,2/28/2023,89.62
13K527,URBAN ASSEMBLY INSTITUTE OF MATH AND SCIENCE FOR Y,2/28/2023,80.46
13K553,BROOKLYN ACADEMY HIGH SCHOOL,2/28/2023,41.00
13K594,GOTHAM PROFESSIONAL ARTS ACADEMY,2/28/2023,63.47
13K595,BEDFORD ACADEMY HIGH SCHOOL,2/28/2023,88.31
13K605,GEORGE WESTINGHOUSE CAREER AND TECHNICAL EDUCATION,2/28/2023,63.35
13K616,BROOKLYN HIGH SCHOOL FOR LEADERSHIP AND COMMUNITY,2/28/2023,37.86
13K670,BENJAMIN BANNEKER ACADEMY,2/28/2023,74.31
13K674,"CITY POLYTECHNIC HIGH SCHOOL OF ENGINEERING, ARCHI",2/28/2023,76.94
13K691,FORT GREENE PREPARATORY ACADEMY,2/28/2023,NS
13K869,DISTRICT 13 PRE K CENTER,2/28/2023,89.36
13K915,BRIDGES: A SCHOOL FOR EXPLORATION AND EQUITY,2/28/2023,86.61
14K016,P.S. 016 LEONARD DUNKLY,2/28/2023,80.85
14K017,P.S. 017 HENRY D. WOODWORTH,2/28/2023,80.76
14K018,P.S. 018 EDWARD BUSH,2/28/2023,75.69
14K023,P.S. 023 CARTER G. WOODSON,2/28/2023,80.25
14K031,P.S. 031 SAMUEL F. DUPONT,2/28/2023,86.06
14K034,P.S. 034 OLIVER H. PERRY,2/28/2023,91.54
14K050,J.H.S. 050 JOHN D. WELLS,2/28/2023,86.38
14K059,P.S. 059 WILLIAM FLOYD,2/28/2023,79.35
14K071,JUAN MOREL CAMPOS SECONDARY SCHOOL,2/28/2023,76.00
14K084,P.S. 084 JOSE DE DIEGO,2/28/2023,84.10
14K110,P.S. 110 THE MONITOR,2/28/2023,90.44
14K120,P.S. 120 CARLOS TAPIA,2/28/2023,78.07
14K126,JOHN ERICSSON MIDDLE SCHOOL 126,2/28/2023,80.45
14K132,P.S. 132 THE CONSELYEA SCHOOL,2/28/2023,89.04
14K147,P.S. 147 ISAAC REMSEN,2/28/2023,77.89
14K157,P.S. I.S. 157 THE BENJAMIN FRANKLIN HEALTH   SCIEN,2/28/2023,87.68
14K196,P.S. 196 TEN EYCK,2/28/2023,79.12
14K250,P.S. 250 GEORGE H. LINDSAY,2/28/2023,75.17
14K257,P.S. 257 JOHN F. HYLAN,2/28/2023,85.13
14K297,P.S. 297 ABRAHAM STOCKTON,2/28/2023,77.99
14K318,I.S. 318 EUGENIO MARIA DE HOSTOS,2/28/2023,86.69
14K319,P.S. 319,2/28/2023,88.65
14K380,P.S. 380 JOHN WAYNE ELEMENTARY,2/28/2023,80.45
14K414,BROOKLYN ARBOR ELEMENTARY SCHOOL,2/28/2023,89.05
14K449,"BROOKLYN LATIN SCHOOL, THE",2/28/2023,91.37
14K454,THE WILLIAMSBURG HIGH SCHOOL OF ART AND TECHNOLOGY,2/28/2023,58.67
14K474,PROGRESS HIGH SCHOOL FOR PROFESSIONAL CAREERS,2/28/2023,67.51
14K477,EAST WILLIAMSBURG SCHOLARS ACADEMY,2/28/2023,74.89
14K478,"THE HIGH SCHOOL FOR ENTERPRISE, BUSINESS AND TECHN",2/28/2023,68.24
14K488,BROOKLYN PREPARATORY HIGH SCHOOL,2/28/2023,60.84
14K558,WILLIAMSBURG HIGH SCHOOL FOR ARCHITECTURE AND DESI,2/28/2023,82.42
14K561,WILLIAMSBURG PREPARATORY SCHOOL,2/28/2023,77.58
14K577,CONSELYEA PREPARATORY SCHOOL,2/28/2023,91.07
14K582,M.S. 582,2/28/2023,81.08
14K586,LYONS COMMUNITY SCHOOL,2/28/2023,62.79
14K610,A TECH HIGH SCHOOL,2/28/2023,83.33
14K614,YOUNG WOMEN S LEADERSHIP SCHOOL OF BROOKLYN,2/28/2023,69.13
14K685,EL PUENTE ACADEMY FOR PEACE AND JUSTICE,2/28/2023,NS
15K001,P.S. 001 THE BERGEN,2/28/2023,87.14
15K010,"MAGNET SCHOOL OF MATH, SCIENCE AND DESIGN TECHNOLO",2/28/2023,92.21
15K015,P.S. 015 PATRICK F. DALY,2/28/2023,84.38
15K024,P.S. 024,2/28/2023,88.08
15K029,P.S. 029 JOHN M. HARRIGAN,2/28/2023,95.40
15K032,P.S. 032 SAMUEL MILLS SPROLE,2/28/2023,89.13
15K038,P.S. 038 THE PACIFIC,2/28/2023,88.51
15K039,P.S. 039 HENRY BRISTOW,2/28/2023,92.69
15K051,M.S. 51 WILLIAM ALEXANDER,2/28/2023,92.45
15K058,P.S. 058 THE CARROLL,2/28/2023,94.23
15K088,J.H.S. 088 PETER ROUGET,2/28/2023,90.15
15K094,P.S. 094 THE HENRY LONGFELLOW,2/28/2023,96.30
15K107,P.S. 107 JOHN W. KIMBALL,2/28/2023,92.05
15K118,THE MAURICE SENDAK COMMUNITY SCHOOL,2/28/2023,93.30
15K124,P.S. 124 SILAS B. DUTCHER,2/28/2023,80.30
15K130,P.S. 130 THE PARKSIDE,2/28/2023,91.33
15K131,P.S. 131 BROOKLYN,2/28/2023,90.67
15K136,I.S. 136 CHARLES O. DEWEY,2/28/2023,85.89
15K146,"THE BROOKLYN NEW SCHOOL, P.S. 146",2/28/2023,87.93
15K154,THE WINDSOR TERRACE SCHOOL,2/28/2023,91.80
15K169,P.S. 169 SUNSET PARK,2/28/2023,91.31
15K172,P.S. 172 BEACON SCHOOL OF EXCELLENCE,2/28/2023,92.04
15K230,P.S. 230 DORIS L. COHEN,2/28/2023,87.75
15K261,P.S. 261 ZIPPORIAH MILLS,2/28/2023,86.94
15K295,P.S. 295,2/28/2023,89.49
15K321,P.S. 321 WILLIAM PENN,2/28/2023,92.10
15K418,THE CHILDREN S SCHOOL,2/28/2023,90.03
15K423,BROOKLYN FRONTIERS HIGH SCHOOL,2/28/2023,NS
15K429,DIGITAL ARTS AND CINEMA TECHNOLOGY HIGH SCHOOL,2/28/2023,84.06
15K442,M.S. 442 CARROLL GARDENS SCHOOL FOR INNOVATION,2/28/2023,94.13
15K443,NEW VOICES SCHOOL OF ACADEMIC   CREATIVE ARTS,2/28/2023,92.16
15K447,THE MATH   SCIENCE EXPLORATORY SCHOOL,2/28/2023,91.05
15K448,BROOKLYN COLLABORATIVE STUDIES,2/28/2023,79.52
15K462,JOHN JAY SCHOOL FOR LAW,2/28/2023,64.82
15K463,CYBERARTS STUDIO ACADEMY,2/28/2023,59.18
15K464,PARK SLOPE COLLEGIATE,2/28/2023,73.75
15K497,THE BOERUM HILL SCHOOL FOR INTERNATIONAL STUDIES,2/28/2023,83.61
15K516,SUNSET PARK AVENUES ELEMENTARY SCHOOL,2/28/2023,86.88
15K519,COBBLE HILL SCHOOL OF AMERICAN STUDIES,2/28/2023,68.73
15K529,WEST BROOKLYN COMMUNITY HIGH SCHOOL,2/28/2023,57.89
15K592,KHALIL GIBRAN INTERNATIONAL ACADEMY,2/28/2023,80.00
15K656,BROOKLYN HIGH SCHOOL OF THE ARTS,2/28/2023,80.93
15K667,SUNSET PARK HIGH SCHOOL,2/28/2023,69.26
15K676,RED HOOK NEIGHBORHOOD SCHOOL,2/28/2023,82.14
15K684,MILLENNIUM BROOKLYN HS,2/28/2023,89.01
15K698,SOUTH BROOKLYN COMMUNITY HIGH SCHOOL,2/28/2023,30.30
15K767,THE LITTLE BROOKLYN PRE K CENTER,2/28/2023,82.14
15K821,SUNSET PARK PREP,2/28/2023,87.19
15K839,M.S. 839,2/28/2023,90.30
15K863,PRE K CENTER AT BISHOP FORD SCHOOL SITE,2/28/2023,86.94
15K896,THE SCHOOL OF CREATIVITY AND INNOVATION,2/28/2023,90.90
15K958,P.S. 958,2/28/2023,87.71
16K005,P.S. 005 DR. RONALD MCNAIR,2/28/2023,73.56
16K021,P.S. 021 CRISPUS ATTUCKS,2/28/2023,80.85
16K025,P.S. 025 EUBIE BLAKE SCHOOL,2/28/2023,87.30
16K026,P.S. 026 JESSE OWENS,2/28/2023,85.05
16K035,M.S. 035 STEPHEN DECATUR,2/28/2023,84.45
16K040,P.S. 040 GEORGE W. CARVER,2/28/2023,79.62
16K057,WHITELAW REID ACADEMY OF ARTS AND BUSINESS,2/28/2023,74.74
16K081,P.S. 081 THADDEUS STEVENS,2/28/2023,77.51
16K243,P.S. 243K  THE WEEKSVILLE SCHOOL,2/28/2023,77.77
16K262,P.S. 262 EL HAJJ MALIK EL SHABAZZ ELEMENTARY SCHOO,2/28/2023,78.91
16K267,"M.S. 267 MATH, SCIENCE   TECHNOLOGY",2/28/2023,84.27
16K308,P.S. 308 CLARA CARDWELL,2/28/2023,83.17
16K309,P.S. 309 THE GEORGE E. WIBECAN PREPARATORY ACADEMY,2/28/2023,76.33
16K335,P.S. 335 GRANVILLE T. WOODS,2/28/2023,82.63
16K455,BOYS AND GIRLS HIGH SCHOOL,2/28/2023,64.87
16K498,BROOKLYN HIGH SCHOOL FOR LAW AND TECHNOLOGY,2/28/2023,75.18
16K627,BRIGHTER CHOICE COMMUNITY SCHOOL,2/28/2023,82.57
16K628,BROOKLYN BROWNSTONE SCHOOL,2/28/2023,89.90
16K669,RESEARCH AND SERVICE HIGH SCHOOL,2/28/2023,38.09
16K681,MADIBA PREP MIDDLE SCHOOL,2/28/2023,84.18
16K688,THE BROOKLYN ACADEMY OF GLOBAL FINANCE,2/28/2023,63.93
16K765,NELSON MANDELA HIGH SCHOOL,2/28/2023,79.79
16K898,THE BROOKLYN GREEN SCHOOL,2/28/2023,84.12
17K002,PARKSIDE PREPARATORY ACADEMY,2/28/2023,84.02
17K006,NORMA ADAMS CLEMONS ACADEMY,2/28/2023,81.30
17K012,DR. JACQUELINE PEEK DAVIS SCHOOL,2/28/2023,75.26
17K061,M.S. 061 DR. GLADSTONE H. ATWELL,2/28/2023,80.83
17K091,P.S. 091 THE ALBANY AVENUE SCHOOL,2/28/2023,78.78
17K092,P.S. 092 ADRIAN HEGEMAN,2/28/2023,81.90
17K122,PATHWAYS IN TECHNOLOGY EARLY COLLEGE HIGH SCHOOL,2/28/2023,79.10
17K138,P.S. 138 BROOKLYN,2/28/2023,80.48
17K161,P.S. 161 THE CROWN,2/28/2023,84.24
17K181,P.S. 181 BROOKLYN,2/28/2023,83.45
17K189,P.S. 189 THE BILINGUAL CENTER,2/28/2023,86.34
17K191,P.S. 191 PAUL ROBESON,2/28/2023,86.95
17K221,P.S. 221 TOUSSAINT L OUVERTURE,2/28/2023,83.33
17K241,P.S. 241 EMMA L. JOHNSTON,2/28/2023,85.14
17K246,M.S. 246 WALT WHITMAN,2/28/2023,87.58
17K249,P.S. 249 THE CATON,2/28/2023,87.69
17K289,P.S. 289 GEORGE V. BROWER,2/28/2023,81.09
17K316,P.S. 316 ELIJAH STROUD,2/28/2023,86.63
17K340,I.S. 340,2/28/2023,87.16
17K352,EBBETS FIELD MIDDLE SCHOOL,2/28/2023,87.09
17K353,ELIJAH STROUD MIDDLE SCHOOL,2/28/2023,83.84
17K354,THE SCHOOL OF INTEGRATED LEARNING,2/28/2023,82.84
17K375,P.S. 375 JACKIE ROBINSON SCHOOL,2/28/2023,77.61
17K382,ACADEMY FOR COLLEGE PREPARATION AND CAREER EXPLORA,2/28/2023,78.40
17K394,M.S. K394,2/28/2023,76.32
17K397,P.S. 397 FOSTER LAURIE,2/28/2023,83.92
17K398,P.S. 398 WALTER WEAVER,2/28/2023,84.81
17K399,P.S. 399 STANLEY EUGENE CLARK,2/28/2023,82.73
17K408,ACADEMY OF HOSPITALITY AND TOURISM,2/28/2023,66.57
17K484,RONALD EDMONDS LEARNING CENTER II,2/28/2023,84.32
17K524,INTERNATIONAL HIGH SCHOOL AT PROSPECT HEIGHTS,2/28/2023,69.03
17K528,THE HIGH SCHOOL FOR GLOBAL CITIZENSHIP,2/28/2023,87.31
17K531,"SCHOOL FOR HUMAN RIGHTS, THE",2/28/2023,79.12
17K532,NEW BRIDGES ELEMENTARY,2/28/2023,89.70
17K537,HIGH SCHOOL FOR YOUTH AND COMMUNITY DEVELOPMENT AT,2/28/2023,66.31
17K539,HIGH SCHOOL FOR SERVICE   LEARNING AT ERASMUS,2/28/2023,68.80
17K543,"SCIENCE, TECHNOLOGY AND RESEARCH EARLY COLLEGE HIG",2/28/2023,81.11
17K546,HIGH SCHOOL FOR PUBLIC SERVICE: HEROES OF TOMORROW,2/28/2023,80.27
17K547,BROOKLYN ACADEMY OF SCIENCE AND THE ENVIRONMENT,2/28/2023,73.15
17K548,BROOKLYN SCHOOL FOR MUSIC   THEATRE,2/28/2023,65.98
17K568,BROWNSVILLE ACADEMY HIGH SCHOOL,2/28/2023,43.33
17K590,MEDGAR EVERS COLLEGE PREPARATORY SCHOOL,2/28/2023,85.09
17K600,CLARA BARTON HIGH SCHOOL,2/28/2023,72.08
17K646,ASPIRATIONS DIPLOMA PLUS HIGH SCHOOL,2/28/2023,39.56
17K705,BROOKLYN ARTS AND SCIENCE ELEMENTARY SCHOOL,2/28/2023,87.93
17K722,NEW HEIGHTS MIDDLE SCHOOL,2/28/2023,83.53
17K745,BROOKLYN INSTITUTE FOR LIBERAL ARTS,2/28/2023,83.69
17K751,ACADEMY FOR HEALTH CAREERS,2/28/2023,65.77
17K770,P.S. 770 NEW AMERICAN ACADEMY,2/28/2023,85.95
18K066,P.S. 66,2/28/2023,87.10
18K068,I.S. 068 ISAAC BILDERSEE,2/28/2023,90.26
18K114,P.S. 114 RYDER ELEMENTARY,2/28/2023,82.10
18K115,P.S. 115 DANIEL MUCATEL SCHOOL,2/28/2023,87.80
18K135,P.S. 135 SHELDON A. BROOKNER,2/28/2023,83.07
18K208,P.S. 208 ELSA EBELING,2/28/2023,89.37
18K211,I.S. 211 JOHN WILSON,2/28/2023,85.34
18K219,P.S. 219 KENNEDY KING,2/28/2023,81.81
18K233,P.S. 233 LANGSTON HUGHES,2/28/2023,83.97
18K235,P.S. 235 JANICE MARIE KNIGHT SCHOOL,2/28/2023,87.07
18K244,P.S. 244 RICHARD R. GREEN,2/28/2023,82.77
18K268,P.S. 268 EMMA LAZARUS,2/28/2023,80.00
18K272,P.S. 272 CURTIS ESTABROOK,2/28/2023,79.10
18K276,P.S. 276 LOUIS MARSHALL,2/28/2023,88.61
18K279,P.S. 279 HERMAN SCHREIBER,2/28/2023,84.64
18K285,I.S. 285 MEYER LEVIN,2/28/2023,87.87
18K366,THE SCIENCE AND MEDICINE MIDDLE SCHOOL,2/28/2023,87.01
18K563,IT TAKES A VILLAGE ACADEMY,2/28/2023,70.31
18K566,BROOKLYN COMMUNITY HIGH SCHOOL FOR EXCELLENCE AND,2/28/2023,71.02
18K567,BROOKLYN THEATRE ARTS HIGH SCHOOL,2/28/2023,70.91
18K569,KURT HAHN EXPEDITIONARY LEARNING SCHOOL,2/28/2023,60.13
18K576,VICTORY COLLEGIATE HIGH SCHOOL,2/28/2023,71.25
18K578,BROOKLYN BRIDGE ACADEMY,2/28/2023,46.09
18K581,"THE MIDDLE SCHOOL OF MEDIA, LAW AND FINE ARTS",2/28/2023,NS
18K588,MIDDLE SCHOOL FOR ART AND PHILOSOPHY,2/28/2023,84.31
18K617,HIGH SCHOOL FOR INNOVATION IN ADVERTISING AND MEDI,2/28/2023,69.86
18K629,CULTURAL ACADEMY FOR THE ARTS AND SCIENCES,2/28/2023,75.63
18K633,HIGH SCHOOL FOR MEDICAL PROFESSIONS,2/28/2023,74.79
18K635,OLYMPUS ACADEMY,2/28/2023,45.45
18K637,ACADEMY FOR CONSERVATION AND THE ENVIRONMENT,2/28/2023,76.01
18K642,URBAN ACTION ACADEMY,2/28/2023,68.61
18K673,EAST BROOKLYN COMMUNITY HIGH SCHOOL,2/28/2023,45.51
18K763,BROOKLYN SCIENCE AND ENGINEERING ACADEMY,2/28/2023,92.04
19K007,P.S. 007 ABRAHAM LINCOLN,2/28/2023,87.26
19K013,P.S. 013 ROBERTO CLEMENTE,2/28/2023,84.59
19K065,P.S. 065,2/28/2023,85.08
19K089,P.S. 089 CYPRESS HILLS,2/28/2023,89.32
19K108,P.S. 108 SAL ABBRACCIAMENTO,2/28/2023,86.20
19K149,P.S. 149 DANNY KAYE,2/28/2023,86.77
19K158,P.S. 158 WARWICK,2/28/2023,82.46
19K159,P.S. 159 ISAAC PITKIN,2/28/2023,83.08
19K171,I.S. 171 ABRAHAM LINCOLN,2/28/2023,85.71
19K190,P.S. 190 SHEFFIELD,2/28/2023,78.19
19K202,P.S. 202 ERNEST S. JENKYNS,2/28/2023,77.04
19K213,P.S. 213 NEW LOTS,2/28/2023,80.63
19K214,P.S. 214 MICHAEL FRIEDSAM,2/28/2023,79.48
19K218,J.H.S. 218 JAMES P. SINNOTT,2/28/2023,84.32
19K224,P.S. 224 HALE A. WOODRUFF,2/28/2023,83.75
19K273,P.S. 273 WORTMAN,2/28/2023,80.57
19K290,P.S. 290 JUAN MOREL CAMPOS,2/28/2023,84.57
19K292,J.H.S. 292 MARGARET S. DOUGLAS,2/28/2023,81.84
19K306,P.S. 306 ETHAN ALLEN,2/28/2023,79.74
19K325,THE FRESH CREEK SCHOOL,2/28/2023,74.23
19K328,P.S. 328 PHYLLIS WHEATLEY,2/28/2023,88.33
19K345,P.S. 345 PATROLMAN ROBERT BOLDEN,2/28/2023,84.76
19K346,P.S. 346 ABE STARK,2/28/2023,87.71
19K364,I.S. 364 GATEWAY,2/28/2023,81.91
19K404,ACADEMY FOR YOUNG WRITERS,2/28/2023,72.68
19K409,EAST NEW YORK FAMILY ACADEMY,2/28/2023,NS
19K422,SPRING CREEK COMMUNITY SCHOOL,2/28/2023,61.22
19K452,FREDERICK DOUGLASS ACADEMY VIII MIDDLE SCHOOL,2/28/2023,84.49
19K502,FDNY   CAPTAIN VERNON A. RICHARD HIGH SCHOOL FOR F,2/28/2023,73.11
19K504,HIGH SCHOOL FOR CIVIL RIGHTS,2/28/2023,65.54
19K507,PERFORMING ARTS AND TECHNOLOGY HIGH SCHOOL,2/28/2023,67.38
19K510,WORLD ACADEMY FOR TOTAL COMMUNITY HEALTH HIGH SCHO,2/28/2023,68.83
19K557,BROOKLYN GARDENS ELEMENTARY SCHOOL,2/28/2023,81.69
19K583,MULTICULTURAL HIGH SCHOOL,2/28/2023,87.04
19K615,TRANSIT TECH CAREER AND TECHNICAL EDUCATION HIGH S,2/28/2023,68.14
19K618,ACADEMY OF INNOVATIVE TECHNOLOGY,2/28/2023,69.90
19K639,BROOKLYN LAB SCHOOL,2/28/2023,69.14
19K654,VAN SICLEN COMMUNITY MIDDLE SCHOOL,2/28/2023,83.18
19K659,CYPRESS HILLS COLLEGIATE PREPARATORY SCHOOL,2/28/2023,68.07
19K660,W. H. MAXWELL CAREER AND TECHNICAL EDUCATION HIGH,2/28/2023,53.63
19K661,VISTA ACADEMY,2/28/2023,81.92
19K662,LIBERTY AVENUE MIDDLE SCHOOL,2/28/2023,79.32
19K663,SCHOOL OF THE FUTURE BROOKLYN,2/28/2023,69.91
19K677,EAST NEW YORK ELEMENTARY SCHOOL OF EXCELLENCE,2/28/2023,73.11
19K678,EAST NEW YORK MIDDLE SCHOOL OF EXCELLENCE,2/28/2023,78.42
19K683,SCHOOL FOR CLASSICS HIGH SCHOOL,2/28/2023,60.79
19K760,HIGHLAND PARK COMMUNITY SCHOOL,2/28/2023,87.86
19K764,THE URBAN ASSEMBLY SCHOOL FOR COLLABORATIVE HEALTH,2/28/2023,75.37
19K907,LEGACY SCHOOL OF THE ARTS,2/28/2023,86.00
19K935,M.S. 935,2/28/2023,89.47
19K938,P.S. 938,2/28/2023,79.43
19K953,THE EAST NEW YORK ARTS AND CIVICS HIGH SCHOOL,2/28/2023,71.33
20K030,P.S. I.S. 30 MARY WHITE OVINGTON,2/28/2023,91.90
20K048,P.S. 048 MAPLETON,2/28/2023,92.88
20K062,J.H.S. 062 DITMAS,2/28/2023,87.45
20K069,P.S. 69 VINCENT D. GRIPPO SCHOOL,2/28/2023,96.05
20K102,P.S. 102 THE BAYVIEW,2/28/2023,91.56
20K104,P.S. I.S. 104 THE FORT HAMILTON SCHOOL,2/28/2023,92.48
20K105,P.S. 105 THE BLYTHEBOURNE,2/28/2023,96.92
20K112,P.S. 112 LEFFERTS PARK,2/28/2023,89.20
20K127,P.S. 127 MCKINLEY PARK,2/28/2023,93.42
20K160,P.S. 160 WILLIAM T. SAMPSON,2/28/2023,96.63
20K163,P.S. 163 BATH BEACH,2/28/2023,89.74
20K164,P.S. 164 CAESAR RODNEY,2/28/2023,93.65
20K170,RALPH A. FABRIZIO SCHOOL,2/28/2023,95.52
20K176,P.S. 176 OVINGTON,2/28/2023,95.06
20K179,P.S. 179 KENSINGTON,2/28/2023,88.25
20K180,THE SEEALL ACADEMY,2/28/2023,92.91
20K185,P.S. 185 WALTER KASSENBROCK,2/28/2023,92.13
20K186,P.S. 186 DR. IRVING A GLADSTONE,2/28/2023,93.32
20K187,THE CHRISTA MCAULIFFE SCHOOL I.S. 187,2/28/2023,97.18
20K192,P.S. 192   THE MAGNET SCHOOL FOR MATH AND SCIENCE,2/28/2023,87.96
20K200,P.S. 200 BENSON SCHOOL,2/28/2023,91.92
20K201,THE MADELEINE BRENNAN SCHOOL,2/28/2023,95.01
20K204,P.S. 204 VINCE LOMBARDI,2/28/2023,92.44
20K205,P.S. 205 CLARION,2/28/2023,93.71
20K220,J.H.S. 220 JOHN J. PERSHING,2/28/2023,94.58
20K223,J.H.S. 223 THE MONTAUK,2/28/2023,90.22
20K227,J.H.S. 227 EDWARD B. SHALLOW,2/28/2023,91.47
20K229,P.S. 229 DYKER,2/28/2023,94.78
20K247,P.S. 247 BROOKLYN,2/28/2023,93.83
20K259,J.H.S. 259 WILLIAM MCKINLEY,2/28/2023,92.00
20K264,P.S. 264 BAY RIDGE ELEMENTARY SCHOOL FOR THE ARTS,2/28/2023,90.84
20K310,THE SCHOOL FOR FUTURE LEADERS,2/28/2023,96.95
20K445,NEW UTRECHT HIGH SCHOOL,2/28/2023,77.69
20K485,HIGH SCHOOL OF TELECOMMUNICATION ARTS AND TECHNOLO,2/28/2023,81.66
20K490,FORT HAMILTON HIGH SCHOOL,2/28/2023,81.87
20K503,P.S. 503: THE SCHOOL OF DISCOVERY,2/28/2023,89.55
20K505,FRANKLIN DELANO ROOSEVELT HIGH SCHOOL,2/28/2023,78.36
20K506,P.S. 506: THE SCHOOL OF JOURNALISM   TECHNOLOGY,2/28/2023,89.73
20K609,URBAN ASSEMBLY SCHOOL FOR LEADERSHIP AND EMPOWERME,2/28/2023,87.24
20K682,THE ACADEMY OF TALENTED SCHOLARS,2/28/2023,93.88
20K686,BROOKLYN SCHOOL OF INQUIRY,2/28/2023,95.85
20K748,P.S. 748 BROOKLYN SCHOOL FOR GLOBAL SCHOLARS,2/28/2023,94.74
20K768,DISTRICT 20 PRE K CENTER,2/28/2023,79.05
20K936,MS 936 ARTS OFF 3RD,2/28/2023,93.13
20K939,SUNSET SCHOOL OF CULTURAL LEARNING,2/28/2023,90.19
20K971,"SCHOOL OF MATH, SCIENCE, AND HEALTHY LIVING",2/28/2023,89.67
21K090,P.S. 90 EDNA COHEN SCHOOL,2/28/2023,81.02
21K095,P.S. 095 THE GRAVESEND,2/28/2023,91.23
21K096,I.S. 096 SETH LOW,2/28/2023,89.66
21K097,P.S. 97 THE HIGHLAWN,2/28/2023,91.48
21K098,I.S. 98 BAY ACADEMY,2/28/2023,90.90
21K099,P.S. 099 ISAAC ASIMOV,2/28/2023,87.78
21K100,P.S. 100 THE CONEY ISLAND SCHOOL,2/28/2023,89.33
21K101,P.S. 101 THE VERRAZANO,2/28/2023,94.42
21K121,P.S. 121 NELSON A. ROCKEFELLER,2/28/2023,90.90
21K128,P.S. 128 BENSONHURST,2/28/2023,90.02
21K153,P.S. 153 HOMECREST,2/28/2023,87.37
21K177,P.S. 177 THE MARLBORO,2/28/2023,91.43
21K188,P.S. 188 MICHAEL E. BERDY,2/28/2023,82.50
21K199,P.S. 199 FREDERICK WACHTEL,2/28/2023,88.15
21K209,P.S. 209 MARGARET MEAD,2/28/2023,89.61
21K212,P.S. 212 LADY DEBORAH MOODY,2/28/2023,85.34
21K215,P.S. 215 MORRIS H. WEISS,2/28/2023,87.69
21K216,P.S. 216 ARTURO TOSCANINI,2/28/2023,90.07
21K225,P.S. K225   THE EILEEN E. ZAGLIN,2/28/2023,86.52
21K226,P.S. 226 ALFRED DE B. MASON,2/28/2023,92.60
21K228,I.S. 228 DAVID A. BOODY,2/28/2023,90.73
21K238,P.S. 238 ANNE SULLIVAN,2/28/2023,84.83
21K239,MARK TWAIN I.S. 239 FOR THE GIFTED   TALENTED,2/28/2023,92.70
21K253,P.S. 253,2/28/2023,91.41
21K281,I.S. 281 JOSEPH B CAVALLARO,2/28/2023,92.86
21K288,P.S. 288 THE SHIRLEY TANYHILL,2/28/2023,78.17
21K303,I.S. 303 HERBERT S. EISENBERG,2/28/2023,89.29
21K329,P.S. 329 SURFSIDE,2/28/2023,82.08
21K337,INTERNATIONAL HIGH SCHOOL AT LAFAYETTE,2/28/2023,76.81
21K344,RACHEL CARSON HIGH SCHOOL FOR COASTAL STUDIES,2/28/2023,72.91
21K348,HIGH SCHOOL OF SPORTS MANAGEMENT,2/28/2023,68.42
21K410,ABRAHAM LINCOLN HIGH SCHOOL,2/28/2023,71.79
21K468,KINGSBOROUGH EARLY COLLEGE SCHOOL,2/28/2023,80.98
21K525,EDWARD R. MURROW HIGH SCHOOL,2/28/2023,78.68
21K540,JOHN DEWEY HIGH SCHOOL,2/28/2023,74.02
21K559,LIFE ACADEMY HIGH SCHOOL FOR FILM AND MUSIC,2/28/2023,70.29
21K572,LEADERS HIGH SCHOOL,2/28/2023,87.96
21K620,WILLIAM E. GRADY CAREER AND TECHNICAL EDUCATION HI,2/28/2023,72.45
21K690,BROOKLYN STUDIO SECONDARY SCHOOL,2/28/2023,84.84
21K728,LIBERATION DIPLOMA PLUS,2/28/2023,NS
21K840,BROOKLYN S DAILY DISCOVERY PRE K CENTER,2/28/2023,82.25
22K014,J.H.S. 014 SHELL BANK,2/28/2023,85.05
22K052,P.S. 052 SHEEPSHEAD BAY,2/28/2023,87.91
22K078,J.H.S. 078 ROY H. MANN,2/28/2023,87.75
22K109,P.S. 109,2/28/2023,85.80
22K119,P.S. 119 AMERSFORT,2/28/2023,83.54
22K134,P.S. K134,2/28/2023,93.06
22K139,P.S. 139 ALEXINE A. FENTY,2/28/2023,85.51
22K152,SCHOOL OF SCIENCE   TECHNOLOGY,2/28/2023,88.37
22K193,P.S. 193 GIL HODGES,2/28/2023,90.74
22K194,P.S. 194 RAOUL WALLENBERG,2/28/2023,84.28
22K195,P.S. 195 MANHATTAN BEACH,2/28/2023,86.86
22K197,P.S. 197   THE KINGS HIGHWAY ACADEMY,2/28/2023,90.43
22K198,P.S. 198 BROOKLYN,2/28/2023,79.43
22K203,P.S. 203 FLOYD BENNETT SCHOOL,2/28/2023,85.11
22K206,P.S. 206 JOSEPH F LAMB,2/28/2023,91.82
22K207,P.S. 207 ELIZABETH G. LEARY,2/28/2023,90.69
22K217,P.S. 217 COLONEL DAVID MARCUS SCHOOL,2/28/2023,85.15
22K222,P.S. 222 KATHERINE R. SNYDER,2/28/2023,92.07
22K234,J.H.S. 234 ARTHUR W. CUNNINGHAM,2/28/2023,90.17
22K236,P.S. 236 MILL BASIN,2/28/2023,87.23
22K240,ANDRIES HUDDE,2/28/2023,86.60
22K245,P.S. 245,2/28/2023,89.94
22K251,P.S. 251 PAERDEGAT,2/28/2023,85.34
22K254,P.S. 254 DAG HAMMARSKJOLD,2/28/2023,91.10
22K255,P.S. 255 BARBARA REING SCHOOL,2/28/2023,89.53
22K277,P.S. 277 GERRITSEN BEACH,2/28/2023,93.86
22K278,J.H.S. 278 MARINE PARK,2/28/2023,88.30
22K312,P.S. 312 BERGEN BEACH,2/28/2023,87.48
22K315,P.S. K315,2/28/2023,89.53
22K326,P.S. 326,2/28/2023,87.57
22K361,P.S. 361 EAST FLATBUSH EARLY CHILDHOOD SCHOOL,2/28/2023,85.03
22K381,I. S. 381,2/28/2023,89.58
22K405,MIDWOOD HIGH SCHOOL,2/28/2023,87.09
22K425,JAMES MADISON HIGH SCHOOL,2/28/2023,81.97
22K535,LEON M. GOLDSTEIN HIGH SCHOOL FOR THE SCIENCES,2/28/2023,88.21
22K555,BROOKLYN COLLEGE ACADEMY,2/28/2023,88.96
22K611,ORIGINS HIGH SCHOOL,2/28/2023,74.07
22K630,PROFESSIONAL PATHWAYS HIGH SCHOOL,2/28/2023,49.39
22K853,THE JOAN SNOW PRE K CENTER,2/28/2023,73.64
22K889,P.S. 889,2/28/2023,91.77
22K890,M.S. 890,2/28/2023,90.46
23K041,P.S. 041 FRANCIS WHITE,2/28/2023,78.28
23K137,P.S. I.S. 137 RACHEL JEAN MITCHELL,2/28/2023,85.40
23K150,P.S. 150 CHRISTOPHER,2/28/2023,85.21
23K155,P.S.  I.S. 155 NICHOLAS HERKIMER,2/28/2023,77.87
23K156,P.S. 156 WAVERLY,2/28/2023,86.98
23K165,P.S. 165 IDA POSNER,2/28/2023,82.53
23K178,P.S. 178 SAINT CLAIR MCKELWAY,2/28/2023,75.23
23K184,P.S. 184 NEWPORT,2/28/2023,76.45
23K284,"THE GREGORY JOCKO JACKSON SCHOOL OF SPORTS, ART, A",2/28/2023,80.50
23K298,P.S. 298 DR. BETTY SHABAZZ,2/28/2023,NS
23K323,P.S. I.S. 323,2/28/2023,86.44
23K327,P.S. 327 DR. ROSE B. ENGLISH,2/28/2023,77.61
23K363,BROWNSVILLE COLLABORATIVE MIDDLE SCHOOL,2/28/2023,NS
23K392,I.S. 392,2/28/2023,88.53
23K401,CHRISTOPHER AVENUE COMMUNITY SCHOOL,2/28/2023,81.30
23K446,RIVERDALE AVENUE COMMUNITY SCHOOL,2/28/2023,88.85
23K493,BROOKLYN COLLEGIATE: A COLLEGE BOARD SCHOOL,2/28/2023,65.24
23K514,FREDERICK DOUGLASS ACADEMY VII HIGH SCHOOL,2/28/2023,71.81
23K518,KAPPA V  KNOWLEDGE AND POWER PREPARATORY ACADEMY,2/28/2023,93.54
23K522,MOTT HALL IV,2/28/2023,88.88
23K599,BROOKLYN LANDMARK ELEMENTARY SCHOOL,2/28/2023,84.71
23K643,BROOKLYN DEMOCRACY ACADEMY,2/28/2023,53.19
23K644,EAGLE ACADEMY FOR YOUNG MEN II,2/28/2023,92.05
23K647,METROPOLITAN DIPLOMA PLUS HIGH SCHOOL,2/28/2023,37.86
23K664,BROOKLYN ENVIRONMENTAL EXPLORATION SCHOOL  BEES,2/28/2023,76.04
23K668,RIVERDALE AVENUE MIDDLE SCHOOL,2/28/2023,81.19
23K671,MOTT HALL BRIDGES ACADEMY,2/28/2023,80.00
23K697,TEACHERS PREPARATORY HIGH SCHOOL,2/28/2023,68.68
24Q005,I.S. 5   THE WALTER CROWLEY INTERMEDIATE SCHOOL,2/28/2023,88.92
24Q007,P.S. 007 LOUIS F. SIMEONE,2/28/2023,86.45
24Q012,P.S. 012 JAMES B. COLGATE,2/28/2023,91.05
24Q013,P.S. 013 CLEMENT C. MOORE,2/28/2023,90.32
24Q014,P.S. 014 FAIRVIEW,2/28/2023,86.92
24Q016,P.S. Q016 THE NANCY DEBENEDITTIS SCHOOL,2/28/2023,91.75
24Q019,P.S. 019 MARINO JEANTET,2/28/2023,93.16
24Q028,P.S. 28   THE THOMAS EMANUEL EARLY CHILDHOOD CENTE,2/28/2023,91.84
24Q049,P.S. 049 DOROTHY BONAWIT KOLE,2/28/2023,91.22
24Q058,P.S. 58   THE SCHOOL OF HEROES,2/28/2023,91.40
24Q061,I.S. 061 LEONARDO DA VINCI,2/28/2023,86.85
24Q068,P.S. 068 CAMBRIDGE,2/28/2023,85.51
24Q071,P.S. 071 FOREST,2/28/2023,87.11
24Q073,I.S. 73   THE FRANK SANSIVIERI INTERMEDIATE SCHOOL,2/28/2023,88.03
24Q077,JOSEPH F. QUINN INTERMEDIATE SCHOOL 77,2/28/2023,82.55
24Q081,P.S. 81Q JEAN PAUL RICHTER,2/28/2023,84.81
24Q087,P.S. I.S. 087 MIDDLE VILLAGE,2/28/2023,85.74
24Q088,P.S. 088 SENECA,2/28/2023,86.51
24Q089,P.S. 89Q: THE JOSE PERALTA SCHOOL OF DREAMERS,2/28/2023,90.01
24Q091,P.S. 091 RICHARD ARKWRIGHT,2/28/2023,83.77
24Q093,I.S. 093 RIDGEWOOD,2/28/2023,90.16
24Q102,P.S. 102 BAYVIEW,2/28/2023,90.11
24Q110,P.S. 110,2/28/2023,91.29
24Q113,P.S. I.S. 113 ANTHONY J. PRANZO,2/28/2023,90.48
24Q119,P.S. I.S. 119 THE GLENDALE,2/28/2023,90.15
24Q125,I.S. 125 THOM J. MCCANN WOODSIDE,2/28/2023,86.93
24Q128,"P.S. 128 THE LORRAINE TUZZO, JUNIPER VALLEY ELEMEN",2/28/2023,90.97
24Q143,P.S. 143 LOUIS ARMSTRONG,2/28/2023,88.99
24Q153,P.S. 153 MASPETH ELEM,2/28/2023,89.45
24Q199,P.S. 199 MAURICE A. FITZGERALD,2/28/2023,82.41
24Q211,ELM TREE ELEMENTARY SCHOOL,2/28/2023,87.73
24Q229,P.S. 229 EMANUEL KAPLAN,2/28/2023,90.50
24Q236,INTERNATIONAL HIGH SCHOOL FOR HEALTH SCIENCES,2/28/2023,87.59
24Q239,P.S. 239,2/28/2023,91.13
24Q264,ACADEMY OF FINANCE AND ENTERPRISE,2/28/2023,84.48
24Q267,HIGH SCHOOL OF APPLIED COMMUNICATION,2/28/2023,66.93
24Q290,A.C.E. ACADEMY FOR SCHOLARS AT THE GERALDINE FERRA,2/28/2023,91.18
24Q293,CIVIC LEADERSHIP ACADEMY,2/28/2023,78.86
24Q296,PAN AMERICAN INTERNATIONAL HIGH SCHOOL,2/28/2023,86.09
24Q299,BARD HIGH SCHOOL EARLY COLLEGE QUEENS,2/28/2023,93.07
24Q305,LEARNERS AND LEADERS,2/28/2023,91.45
24Q307,PIONEER ACADEMY,2/28/2023,92.11
24Q311,CORONA ARTS   SCIENCES ACADEMY,2/28/2023,90.02
24Q330,HELEN M. MARSHALL SCHOOL,2/28/2023,81.65
24Q331,MOSAIC PRE K CENTER,2/28/2023,74.74
24Q343,THE CHILDREN S LAB SCHOOL,2/28/2023,83.48
24Q419,NEW 2021 D.24 MS IN BUILDING Q419,2/28/2023,90.00
24Q455,NEWTOWN HIGH SCHOOL,2/28/2023,65.66
24Q485,GROVER CLEVELAND HIGH SCHOOL,2/28/2023,72.76
24Q520,MIDDLE COLLEGE HIGH SCHOOL AT LAGUARDIA COMMUNITY,2/28/2023,NS
24Q530,INTERNATIONAL HIGH SCHOOL AT LAGUARDIA COMMUNITY C,2/28/2023,83.89
24Q550,HIGH SCHOOL FOR ARTS AND BUSINESS,2/28/2023,82.59
24Q560,"ROBERT F. WAGNER, JR. SECONDARY SCHOOL FOR ARTS AN",2/28/2023,84.92
24Q585,MASPETH HIGH SCHOOL,2/28/2023,81.79
24Q600,QUEENS TECHNICAL HIGH SCHOOL,2/28/2023,80.13
24Q610,AVIATION CAREER   TECHNICAL EDUCATION HIGH SCHOOL,2/28/2023,89.90
24Q744,VOYAGES PREPARATORY,2/28/2023,32.97
25Q020,P.S. 020 JOHN BOWNE,2/28/2023,90.42
25Q021,P.S. 021 EDWARD HART,2/28/2023,85.70
25Q022,P.S. 022 THOMAS JEFFERSON,2/28/2023,89.84
25Q024,P.S. 024 ANDREW JACKSON,2/28/2023,94.48
25Q025,I.S. 025 ADRIEN BLOCK,2/28/2023,91.69
25Q029,P.S. 029 QUEENS,2/28/2023,80.67
25Q032,P.S. 032 STATE STREET,2/28/2023,94.76
25Q079,P.S. 079 FRANCIS LEWIS,2/28/2023,91.32
25Q107,P.S. 107 THOMAS A DOOLEY,2/28/2023,88.97
25Q120,P.S. 120 QUEENS,2/28/2023,91.29
25Q129,P.S. 129 PATRICIA LARKIN,2/28/2023,87.72
25Q130,P.S. 130,2/28/2023,89.94
25Q154,P.S. 154 QUEENS,2/28/2023,87.32
25Q163,P.S. 163 FLUSHING HEIGHTS,2/28/2023,93.85
25Q164,P.S. 164 QUEENS VALLEY,2/28/2023,89.01
25Q165,P.S. 165 EDITH K. BERGTRAUM,2/28/2023,87.71
25Q169,P.S. 169 BAY TERRACE,2/28/2023,92.49
25Q184,P.S. 184 FLUSHING MANOR,2/28/2023,93.38
25Q185,J.H.S. 185 EDWARD BLEEKER,2/28/2023,89.46
25Q189,J.H.S. 189 DANIEL CARTER BEARD,2/28/2023,93.61
25Q193,P.S. 193 ALFRED J. KENNEDY,2/28/2023,92.45
25Q194,J.H.S. 194 WILLIAM CARR,2/28/2023,89.94
25Q200,P.S. M.S. 200   THE MAGNET SCHOOL OF GLOBAL STUDIE,2/28/2023,86.69
25Q201,P.S. 201 THE DISCOVERY SCHOOL FOR INQUIRY AND RESE,2/28/2023,82.64
25Q209,P.S. 209 CLEARVIEW GARDENS,2/28/2023,93.82
25Q214,P.S. 214 CADWALLADER COLDEN,2/28/2023,93.12
25Q219,P.S. 219 PAUL KLAPPER,2/28/2023,91.40
25Q237,I.S. 237,2/28/2023,93.40
25Q240,VERITAS ACADEMY,2/28/2023,77.07
25Q241,QUEENS HIGH SCHOOL FOR LANGUAGE STUDIES,2/28/2023,79.63
25Q242,P.S. 242 LEONARD P. STAVISKY EARLY CHILDHOOD SCHOO,2/28/2023,92.54
25Q244,THE ACTIVE LEARNING ELEMENTARY SCHOOL,2/28/2023,94.66
25Q250,I.S. 250 THE ROBERT F. KENNEDY COMMUNITY MIDDLE SC,2/28/2023,83.84
25Q252,"QUEENS SCHOOL OF INQUIRY, THE",2/28/2023,NS
25Q263,FLUSHING INTERNATIONAL HIGH SCHOOL,2/28/2023,84.83
25Q281,EAST WEST SCHOOL OF INTERNATIONAL STUDIES,2/28/2023,88.72
25Q285,WORLD JOURNALISM PREPARATORY: A COLLEGE BOARD SCHO,2/28/2023,86.44
25Q294,BELL ACADEMY,2/28/2023,94.28
25Q379,COLLEGE POINT COLLABORATIVE,2/28/2023,84.84
25Q409,DISTRICT 25 PRE K CENTER,2/28/2023,80.66
25Q425,JOHN BOWNE HIGH SCHOOL,2/28/2023,62.90
25Q460,FLUSHING HIGH SCHOOL,2/28/2023,66.33
25Q499,"THE QUEENS COLLEGE SCHOOL FOR MATH, SCIENCE AND TE",2/28/2023,90.40
25Q525,TOWNSEND HARRIS HIGH SCHOOL,2/28/2023,92.45
25Q540,QUEENS ACADEMY HIGH SCHOOL,2/28/2023,57.64
25Q670,ROBERT F. KENNEDY COMMUNITY HIGH SCHOOL,2/28/2023,72.93
25Q792,NORTH QUEENS COMMUNITY HIGH SCHOOL,2/28/2023,41.46
26Q018,P.S. 018 WINCHESTER,2/28/2023,87.07
26Q026,P.S. 026 RUFUS KING,2/28/2023,86.92
26Q031,P.S. 031 BAYSIDE,2/28/2023,90.81
26Q041,P.S. 041 CROCHERON,2/28/2023,90.97
26Q046,P.S. 046 ALLEY POND,2/28/2023,93.49
26Q067,J.H.S. 067 LOUIS PASTEUR,2/28/2023,93.31
26Q074,J.H.S. 074 NATHANIEL HAWTHORNE,2/28/2023,93.80
26Q094,P.S. 094 DAVID D. PORTER,2/28/2023,91.79
26Q098,P.S. 098 THE DOUGLASTON SCHOOL,2/28/2023,89.30
26Q115,THE JAMES J. AMBROSE SCHOOL,2/28/2023,90.72
26Q133,P.S. 133 QUEENS,2/28/2023,88.48
26Q158,M.S. 158 MARIE CURIE,2/28/2023,90.84
26Q159,P.S. 159,2/28/2023,91.82
26Q162,P.S. 162 JOHN GOLDEN,2/28/2023,92.41
26Q172,IRWIN ALTMAN MIDDLE SCHOOL 172,2/28/2023,88.16
26Q173,P.S. 173 FRESH MEADOWS,2/28/2023,91.49
26Q178,P.S.  IS 178 HOLLISWOOD,2/28/2023,84.63
26Q186,P.S. 186 CASTLEWOOD,2/28/2023,88.72
26Q188,P.S. 188 KINGSBURY,2/28/2023,93.48
26Q191,P.S. 191 MAYFLOWER,2/28/2023,84.82
26Q203,P.S. 203 OAKLAND GARDENS,2/28/2023,93.43
26Q205,P.S. 205 ALEXANDER GRAHAM BELL,2/28/2023,96.52
26Q213,P.S. 213 THE CARL ULLMAN SCHOOL,2/28/2023,87.25
26Q216,J.H.S. 216 GEORGE J. RYAN,2/28/2023,91.34
26Q221,P.S. 221 THE NORTH HILLS SCHOOL,2/28/2023,90.62
26Q266,P.S. I.S. 266,2/28/2023,86.35
26Q315,BUSINESS TECHNOLOGY EARLY COLLEGE HIGH SCHOOL,2/28/2023,76.00
26Q376,P.S. 376,2/28/2023,92.53
26Q390,THE CIVIC SCHOOL OF BAYSIDE HILLS,2/28/2023,86.13
26Q415,BENJAMIN N. CARDOZO HIGH SCHOOL,2/28/2023,74.98
26Q430,FRANCIS LEWIS HIGH SCHOOL,2/28/2023,82.52
26Q435,MARTIN VAN BUREN HIGH SCHOOL,2/28/2023,69.61
26Q495,BAYSIDE HIGH SCHOOL,2/28/2023,80.39
26Q566,"QUEENS HIGH SCHOOL OF TEACHING, LIBERAL ARTS AND T",2/28/2023,74.63
27Q042,P.S. M.S 042 R. VERNAM,2/28/2023,77.74
27Q043,P.S. 043,2/28/2023,68.84
27Q045,P.S. 045 CLARENCE WITHERSPOON,2/28/2023,82.50
27Q047,P.S. 047 CHRIS GALAS,2/28/2023,85.32
27Q051,P.S. 051,2/28/2023,81.86
27Q053,M.S. 053 BRIAN PICCOLO,2/28/2023,80.47
27Q056,P.S. 056 HARRY EICHLER,2/28/2023,88.43
27Q060,P.S. 060 WOODHAVEN,2/28/2023,82.94
27Q062,P. S. 62   CHESTER PARK SCHOOL,2/28/2023,84.22
27Q063,P.S. 063 OLD SOUTH,2/28/2023,86.28
27Q064,P.S. 064 JOSEPH P. ADDABBO,2/28/2023,77.89
27Q065,P.S. 65   THE RAYMOND YORK ELEMENTARY SCHOOL,2/28/2023,79.58
27Q066,P.S. 066 JACQUELINE KENNEDY ONASSIS,2/28/2023,86.30
27Q090,P.S. 090 HORACE MANN,2/28/2023,84.55
27Q096,P.S. 096,2/28/2023,86.68
27Q097,P.S. 097 FOREST PARK,2/28/2023,85.24
27Q100,P.S. 100 GLEN MORRIS,2/28/2023,78.56
27Q104,P.S. 104 THE BAYS WATER,2/28/2023,86.44
27Q105,P.S. 105 THE BAY SCHOOL,2/28/2023,78.86
27Q106,LIGHTHOUSE ELEMENTARY SCHOOL,2/28/2023,69.18
27Q108,P.S. 108 CAPTAIN VINCENT G. FOWLER,2/28/2023,87.47
27Q114,P.S. M.S. 114 BELLE HARBOR,2/28/2023,90.95
27Q123,P.S. 123,2/28/2023,82.45
27Q124,P.S. 124 OSMOND A CHURCH,2/28/2023,85.42
27Q137,M.S. 137 AMERICA S SCHOOL OF HEROES,2/28/2023,83.19
27Q146,P.S. 146 HOWARD BEACH,2/28/2023,93.29
27Q155,P.S. 155,2/28/2023,85.44
27Q183,P.S. 183 DR. RICHARD R. GREEN,2/28/2023,75.27
27Q197,P.S. 197 THE OCEAN SCHOOL,2/28/2023,83.81
27Q202,J.H.S. 202 ROBERT H. GODDARD,2/28/2023,83.71
27Q207,P.S. 207 ROCKWOOD PARK,2/28/2023,88.25
27Q210,J.H.S. 210 ELIZABETH BLACKWELL,2/28/2023,84.81
27Q223,P.S. 223 LYNDON B. JOHNSON,2/28/2023,84.42
27Q226,J.H.S. 226 VIRGIL I. GRISSOM,2/28/2023,83.14
27Q232,P.S. 232 LINDENWOOD,2/28/2023,88.03
27Q253,THE RANDOLPH HOLDER SCHOOL FOR SOCIAL JUSTICE,2/28/2023,87.62
27Q254,P.S. 254   THE ROSA PARKS SCHOOL,2/28/2023,84.61
27Q260,FREDERICK DOUGLASS ACADEMY VI HIGH SCHOOL,2/28/2023,68.72
27Q261,VOYAGES PREP   SOUTH QUEENS,2/28/2023,37.70
27Q262,CHANNEL VIEW SCHOOL FOR RESEARCH,2/28/2023,83.13
27Q273,P.S. 273,2/28/2023,82.75
27Q282,KNOWLEDGE AND POWER PREPARATORY ACADEMY VI,2/28/2023,88.12
27Q297,HAWTREE CREEK MIDDLE SCHOOL,2/28/2023,82.94
27Q302,"QUEENS HIGH SCHOOL FOR INFORMATION, RESEARCH, AND",2/28/2023,71.57
27Q306,NEW YORK CITY ACADEMY FOR DISCOVERY,2/28/2023,78.08
27Q308,ROBERT H. GODDARD HIGH SCHOOL OF COMMUNICATION ART,2/28/2023,81.78
27Q309,ACADEMY OF MEDICAL TECHNOLOGY: A COLLEGE BOARD SCH,2/28/2023,70.68
27Q314,EPIC HIGH SCHOOL   SOUTH,2/28/2023,67.50
27Q316,QUEENS EXPLORERS ELEMENTARY SCHOOL,2/28/2023,82.72
27Q317,WATERSIDE CHILDREN S STUDIO SCHOOL,2/28/2023,89.84
27Q318,WATERSIDE SCHOOL FOR LEADERSHIP,2/28/2023,89.88
27Q319,VILLAGE ACADEMY,2/28/2023,78.40
27Q323,SCHOLARS  ACADEMY,2/28/2023,92.20
27Q324,ROCKAWAY PARK HIGH SCHOOL FOR ENVIRONMENTAL SUSTAI,2/28/2023,67.52
27Q333,GOLDIE MAPLE ACADEMY,2/28/2023,88.26
27Q334,EPIC HIGH SCHOOL   NORTH,2/28/2023,66.23
27Q336,DISTRICT 27 PRE K CENTER,2/28/2023,68.55
27Q351,ROCKAWAY COLLEGIATE HIGH SCHOOL,2/28/2023,73.16
27Q362,WAVE PREPARATORY ELEMENTARY SCHOOL,2/28/2023,84.90
27Q377,P.S. 377,2/28/2023,83.96
27Q400,AUGUST MARTIN HIGH SCHOOL,2/28/2023,70.35
27Q475,RICHMOND HILL HIGH SCHOOL,2/28/2023,67.43
27Q480,JOHN ADAMS HIGH SCHOOL,2/28/2023,69.35
27Q650,"HIGH SCHOOL FOR CONSTRUCTION TRADES, ENGINEERING A",2/28/2023,84.80
28Q008,J.H.S. 008 RICHARD S. GROSSLEY,2/28/2023,78.40
28Q040,P.S. 040 SAMUEL HUNTINGTON,2/28/2023,79.13
28Q048,DAVID N. DINKINS SCHOOL,2/28/2023,82.12
28Q050,P.S. 050 TALFOURD LAWN ELEMENTARY SCHOOL,2/28/2023,82.44
28Q054,P.S. 054 HILLSIDE,2/28/2023,84.84
28Q055,P.S. 055 MAURE,2/28/2023,86.99
28Q072,CATHERINE   COUNT BASIE MIDDLE SCHOOL 72,2/28/2023,80.61
28Q080,PS 80  THE THURGOOD MARSHALL MAGNET SCHOOL OF MULT,2/28/2023,80.82
28Q082,P.S. 082 HAMMOND,2/28/2023,82.26
28Q086,P.S. Q086,2/28/2023,84.70
28Q099,P.S. 099 KEW GARDENS,2/28/2023,86.68
28Q101,P.S. 101 SCHOOL IN THE GARDENS,2/28/2023,93.98
28Q117,P.S. 117 J. KELD   BRIARWOOD SCHOOL,2/28/2023,85.57
28Q121,P.S. 121 QUEENS,2/28/2023,85.96
28Q139,P.S. 139 REGO PARK,2/28/2023,89.32
28Q140,P.S. 140 EDWARD K ELLINGTON,2/28/2023,85.96
28Q144,P.S. 144 COL JEROMUS REMSEN,2/28/2023,93.09
28Q157,J.H.S. 157 STEPHEN A. HALSEY,2/28/2023,88.93
28Q160,P.S. 160 WALTER FRANCIS BISHOP,2/28/2023,82.02
28Q161,P.S. 161 ARTHUR ASHE SCHOOL,2/28/2023,79.34
28Q167,METROPOLITAN EXPEDITIONARY LEARNING SCHOOL,2/28/2023,77.49
28Q174,P.S. 174 WILLIAM SIDNEY MOUNT,2/28/2023,92.14
28Q175,P.S. 175 THE LYNN GROSS DISCOVERY SCHOOL,2/28/2023,89.97
28Q182,P.S. 182 SAMANTHA SMITH,2/28/2023,84.22
28Q190,J.H.S. 190 RUSSELL SAGE,2/28/2023,88.37
28Q196,P.S. 196 GRAND CENTRAL PARKWAY,2/28/2023,93.88
28Q206,P.S. 206 THE HORACE HARDING SCHOOL,2/28/2023,87.03
28Q217,J.H.S. 217 ROBERT A. VAN WYCK,2/28/2023,78.46
28Q220,P.S. 220 EDWARD MANDEL,2/28/2023,88.34
28Q284,YORK EARLY COLLEGE ACADEMY,2/28/2023,84.92
28Q287,THE EMERSON SCHOOL,2/28/2023,72.88
28Q303,THE ACADEMY FOR EXCELLENCE THROUGH THE ARTS,2/28/2023,92.38
28Q310,QUEENS COLLEGIATE: A COLLEGE BOARD SCHOOL,2/28/2023,68.51
28Q312,JAMAICA CHILDREN S SCHOOL,2/28/2023,85.71
28Q325,HILLSIDE ARTS   LETTERS ACADEMY,2/28/2023,73.49
28Q328,HIGH SCHOOL FOR COMMUNITY LEADERSHIP,2/28/2023,75.31
28Q332,REDWOOD MIDDLE SCHOOL,2/28/2023,78.46
28Q335,THE EZRA JACK KEATS PRE K CENTER,2/28/2023,67.98
28Q338,QUEENS SATELLITE HIGH SCHOOL FOR OPPORTUNITY,2/28/2023,53.52
28Q349,THE QUEENS SCHOOL FOR LEADERSHIP AND EXCELLENCE,2/28/2023,82.86
28Q350,JAMAICA GATEWAY TO THE SCIENCES,2/28/2023,71.08
28Q354,THE JERMAINE L. GREEN STEM INSTITUTE OF QUEENS,2/28/2023,82.43
28Q358,M.S. 358,2/28/2023,85.00
28Q440,FOREST HILLS HIGH SCHOOL,2/28/2023,73.67
28Q505,HILLCREST HIGH SCHOOL,2/28/2023,66.65
28Q620,THOMAS A. EDISON CAREER AND TECHNICAL EDUCATION HI,2/28/2023,83.44
28Q680,QUEENS GATEWAY TO HEALTH SCIENCES SECONDARY SCHOOL,2/28/2023,86.95
28Q686,QUEENS METROPOLITAN HIGH SCHOOL,2/28/2023,84.77
28Q687,QUEENS HIGH SCHOOL FOR THE SCIENCES AT YORK COLLEG,2/28/2023,73.60
28Q690,HIGH SCHOOL FOR LAW ENFORCEMENT AND PUBLIC SAFETY,2/28/2023,61.37
28Q896,"YOUNG WOMEN S LEADERSHIP SCHOOL, QUEENS",2/28/2023,87.38
29Q015,P.S. 015 JACKIE ROBINSON,2/28/2023,81.20
29Q033,P.S. 033 EDWARD M. FUNK,2/28/2023,86.59
29Q034,P.S. 034 JOHN HARVARD,2/28/2023,82.57
29Q035,P.S. 035 NATHANIEL WOODHULL,2/28/2023,78.15
29Q036,P.S. 036 SAINT ALBANS SCHOOL,2/28/2023,81.31
29Q037,CYNTHIA JENKINS SCHOOL,2/28/2023,79.45
29Q038,P.S. 038 ROSEDALE,2/28/2023,84.45
29Q052,P.S. 052 QUEENS,2/28/2023,80.58
29Q059,I.S. 059 SPRINGFIELD GARDENS,2/28/2023,83.04
29Q095,P.S. 095 EASTWOOD,2/28/2023,71.08
29Q109,JEAN NUZZI INTERMEDIATE SCHOOL,2/28/2023,82.42
29Q116,P.S. I.S. 116 WILLIAM C. HUGHLEY,2/28/2023,78.99
29Q118,P.S. 118 LORRAINE HANSBERRY,2/28/2023,83.81
29Q131,P.S. 131 ABIGAIL ADAMS,2/28/2023,81.77
29Q132,P.S. 132 RALPH BUNCHE,2/28/2023,87.57
29Q134,P.S. 134 HOLLIS,2/28/2023,85.48
29Q135,THE BELLAIRE SCHOOL,2/28/2023,76.33
29Q136,P.S. 136 ROY WILKINS,2/28/2023,87.43
29Q138,P.S. M.S. 138 SUNRISE,2/28/2023,86.83
29Q147,P.S. M.S. 147 RONALD MCNAIR,2/28/2023,88.34
29Q156,P.S. 156 LAURELTON,2/28/2023,85.39
29Q176,P.S. 176 CAMBRIA HEIGHTS,2/28/2023,91.68
29Q181,P.S. 181 BROOKFIELD,2/28/2023,84.17
29Q192,I.S. 192 THE LINDEN,2/28/2023,83.57
29Q195,P.S. 195 WILLIAM HABERLE,2/28/2023,83.63
29Q208,P.S. I.S. 208,2/28/2023,89.40
29Q238,I.S. 238   SUSAN B. ANTHONY ACADEMY,2/28/2023,76.21
29Q243,INSTITUTE FOR HEALTH PROFESSIONS AT CAMBRIA HEIGHT,2/28/2023,NS
29Q248,QUEENS PREPARATORY ACADEMY,2/28/2023,74.59
29Q251,P.S. 251 QUEENS,2/28/2023,88.42
29Q259,PATHWAYS COLLEGE PREPARATORY SCHOOL: A COLLEGE BOA,2/28/2023,81.23
29Q265,EXCELSIOR PREPARATORY HIGH SCHOOL,2/28/2023,70.02
29Q268,P.S. I.S. 268,2/28/2023,84.10
29Q270,THE GORDON PARKS SCHOOL,2/28/2023,79.93
29Q272,GEORGE WASHINGTON CARVER HIGH SCHOOL FOR THE SCIEN,2/28/2023,62.14
29Q283,PREPARATORY ACADEMY FOR WRITERS: A COLLEGE BOARD S,2/28/2023,80.14
29Q289,QUEENS UNITED MIDDLE SCHOOL,2/28/2023,87.62
29Q295,P.S. I.S. 295,2/28/2023,87.52
29Q313,BENJAMIN FRANKLIN HIGH SCHOOL FOR FINANCE   INFORM,2/28/2023,80.05
29Q326,CAMBRIA HEIGHTS ACADEMY,2/28/2023,80.79
29Q327,EAGLE ACADEMY FOR YOUNG MEN III,2/28/2023,74.20
29Q355,COLLABORATIVE ARTS MIDDLE SCHOOL,2/28/2023,75.59
29Q356,COMMUNITY VOICES MIDDLE SCHOOL,2/28/2023,77.30
29Q360,P.S. 360,2/28/2023,87.45
29Q381,DISTRICT 29 PRE K CENTER,2/28/2023,68.24
29Q492,"MATHEMATICS, SCIENCE RESEARCH AND TECHNOLOGY MAGNE",2/28/2023,68.54
29Q498,"HEALTH, ARTS, ROBOTICS, AND TECHNOLOGY HIGH SCHOOL",2/28/2023,74.49
30Q002,P.S. 002 ALFRED ZIMBERG,2/28/2023,81.94
30Q010,I.S. 010 HORACE GREELEY,2/28/2023,83.23
30Q011,P.S. 011 KATHRYN PHELAN,2/28/2023,86.12
30Q017,P.S. 017 HENRY DAVID THOREAU,2/28/2023,84.60
30Q069,P.S. 069 JACKSON HEIGHTS,2/28/2023,89.98
30Q070,P.S. 070,2/28/2023,84.19
30Q076,P.S. 076 WILLIAM HALLET,2/28/2023,79.32
30Q078,P.S. I.S. 78Q,2/28/2023,89.97
30Q084,P.S. 084 STEINWAY,2/28/2023,88.21
30Q085,P.S. 085 JUDGE CHARLES VALLONE,2/28/2023,90.00
30Q092,P.S. 092 HARRY T. STEWART SR.,2/28/2023,89.09
30Q111,P.S. 111 JACOB BLACKWELL,2/28/2023,83.01
30Q112,P.S. 112 DUTCH KILLS,2/28/2023,81.19
30Q122,P.S. 122 MAMIE FAY,2/28/2023,91.24
30Q126,ALBERT SHANKER SCHOOL FOR VISUAL AND PERFORMING AR,2/28/2023,87.47
30Q127,P.S. 127 AEROSPACE SCIENCE MAGNET SCHOOL,2/28/2023,85.71
30Q141,I.S. 141 THE STEINWAY,2/28/2023,89.23
30Q145,I.S. 145 JOSEPH PULITZER,2/28/2023,88.28
30Q148,P.S. 148 QUEENS,2/28/2023,86.76
30Q149,P.S. 149 CHRISTA MCAULIFFE,2/28/2023,92.25
30Q150,P.S. 150 QUEENS,2/28/2023,90.51
30Q151,P.S. 151 MARY D. CARTER,2/28/2023,80.18
30Q152,P.S. 152 GWENDOLINE N. ALLEYNE SCHOOL,2/28/2023,90.01
30Q166,P.S. 166 HENRY GRADSTEIN,2/28/2023,91.59
30Q171,P.S. 171 PETER G. VAN ALST,2/28/2023,75.06
30Q204,I.S. 204 OLIVER W. HOLMES,2/28/2023,83.52
30Q212,P.S. 212,2/28/2023,90.11
30Q222,P.S. Q222   FIRE FIGHTER CHRISTOPHER A. SANTORA SC,2/28/2023,89.95
30Q227,I.S. 227 LOUIS ARMSTRONG,2/28/2023,91.21
30Q228,THE IVAN LAFAYETTE EARLY CHILDHOOD SCHOOL OF THE A,2/28/2023,91.03
30Q230,I.S. 230,2/28/2023,90.51
30Q234,P.S. 234,2/28/2023,87.34
30Q235,ACADEMY FOR NEW AMERICANS,2/28/2023,87.24
30Q258,ENERGY TECH HIGH SCHOOL,2/28/2023,81.30
30Q280,PS280Q: HOME OF THE LIONHEARTS,2/28/2023,87.62
30Q286,"YOUNG WOMEN S LEADERSHIP SCHOOL, ASTORIA",2/28/2023,87.18
30Q291,HUNTERS POINT COMMUNITY MIDDLE SCHOOL,2/28/2023,89.18
30Q300,THE 30TH AVENUE SCHOOL  G T CITYWIDE,2/28/2023,95.78
30Q301,ACADEMY FOR CAREERS IN TELEVISION AND FILM,2/28/2023,83.63
30Q329,EAST ELMHURST COMMUNITY SCHOOL,2/28/2023,88.47
30Q361,THE WOODSIDE COMMUNITY SCHOOL,2/28/2023,92.72
30Q384,HUNTERS POINT ELEMENTARY SCHOOL,2/28/2023,89.63
30Q389,DISTRICT 30 PRE K CENTER,2/28/2023,65.56
30Q398,THE HECTOR FIGUEROA SCHOOL,2/28/2023,87.08
30Q417,GOTHAM TECH HIGH SCHOOL,2/28/2023,58.82
30Q445,WILLIAM CULLEN BRYANT HIGH SCHOOL,2/28/2023,68.95
30Q450,LONG ISLAND CITY HIGH SCHOOL,2/28/2023,69.92
30Q501,FRANK SINATRA SCHOOL OF THE ARTS HIGH SCHOOL,2/28/2023,79.95
30Q502,INFORMATION TECHNOLOGY HIGH SCHOOL,2/28/2023,72.92
30Q555,NEWCOMERS HIGH SCHOOL,2/28/2023,77.45
30Q575,ACADEMY OF AMERICAN STUDIES,2/28/2023,80.13
30Q580,BACCALAUREATE SCHOOL FOR GLOBAL EDUCATION,2/28/2023,93.29
31R001,P.S. 001 TOTTENVILLE,2/28/2023,91.31
31R002,I.S. R002 GEORGE L. EGBERT,2/28/2023,86.32
31R003,P.S. 003 THE MARGARET GIOIOSA SCHOOL,2/28/2023,94.13
31R004,P.S. 004 MAURICE WOLLIN,2/28/2023,90.57
31R005,P.S. 005 HUGUENOT,2/28/2023,89.15
31R006,P.S. 6 CORPORAL ALLAN F. KIVLEHAN SCHOOL,2/28/2023,91.13
31R007,I.S. 007 ELIAS BERNSTEIN,2/28/2023,92.71
31R008,P.S. 8 SHIRLEE SOLOMON,2/28/2023,92.08
31R009,NAPLES STREET ELEMENTARY SCHOOL,2/28/2023,95.00
31R010,FORT HILL COLLABORATIVE ELEMENTARY SCHOOL,2/28/2023,87.00
31R011,P.S. 11 THOMAS DONGAN SCHOOL,2/28/2023,87.02
31R013,P.S. 013 M. L. LINDEMEYER,2/28/2023,88.47
31R016,P.S. 016 JOHN J. DRISCOLL,2/28/2023,80.50
31R018,P.S. 018 JOHN G. WHITTIER,2/28/2023,79.73
31R019,P.S. 019 THE CURTIS SCHOOL,2/28/2023,83.87
31R020,P.S. 020 PORT RICHMOND,2/28/2023,79.66
31R021,P.S. 21 MARGARET EMERY ELM PARK,2/28/2023,79.49
31R022,P.S. 022 GRANITEVILLE,2/28/2023,81.17
31R023,P.S. 023 RICHMONDTOWN,2/28/2023,91.89
31R024,I.S. 024 MYRA S. BARNES,2/28/2023,89.92
31R026,P.S. 026 THE CARTERET SCHOOL,2/28/2023,93.09
31R027,I.S. 027 ANNING S. PRALL,2/28/2023,83.31
31R028,THE EAGLE ACADEMY FOR YOUNG MEN OF STATEN ISLAND,2/28/2023,78.39
31R029,P.S. 029 BARDWELL,2/28/2023,88.74
31R030,P.S. 030 WESTERLEIGH,2/28/2023,91.25
31R031,P.S. 031 WILLIAM T. DAVIS,2/28/2023,76.58
31R032,P.S. 032 THE GIFFORD SCHOOL,2/28/2023,91.26
31R034,I.S. 034 TOTTENVILLE,2/28/2023,92.50
31R035,P.S. 35 THE CLOVE VALLEY SCHOOL,2/28/2023,93.40
31R036,P.S. 036 J. C. DRUMGOOLE,2/28/2023,91.49
31R038,P.S. 038 GEORGE CROMWELL,2/28/2023,94.41
31R039,P.S. 39 FRANCIS J. MURPHY JR.,2/28/2023,88.56
31R041,THE STEPHANIE A. VIERNO SCHOOL,2/28/2023,90.90
31R042,P.S. 042 ELTINGVILLE,2/28/2023,92.49
31R044,P.S. 044 THOMAS C. BROWN,2/28/2023,74.38
31R045,P.S. 045 JOHN TYLER,2/28/2023,81.52
31R046,P.S. 046 ALBERT V. MANISCALCO,2/28/2023,86.97
31R047,CSI HIGH SCHOOL FOR INTERNATIONAL STUDIES,2/28/2023,89.77
31R048,P.S. 048 WILLIAM G. WILCOX,2/28/2023,91.82
31R049,I.S. 49 BERTA A. DREYFUS,2/28/2023,81.57
31R050,P.S. 050 FRANK HANKINSON,2/28/2023,91.33
31R051,I.S. 051 EDWIN MARKHAM,2/28/2023,78.61
31R052,P.S. 052 JOHN C. THOMPSON,2/28/2023,89.88
31R053,THE BARBARA ESSELBORN SCHOOL,2/28/2023,94.13
31R054,P.S. 054 CHARLES W. LENG,2/28/2023,89.52
31R055,P.S. 055 HENRY M. BOEHM,2/28/2023,94.76
31R056,P.S. 56 THE LOUIS DESARIO SCHOOL,2/28/2023,94.24
31R057,P.S. 057 HUBERT H. HUMPHREY,2/28/2023,82.63
31R058,SPACE SHUTTLE COLUMBIA SCHOOL,2/28/2023,92.67
31R059,THE HARBOR VIEW SCHOOL,2/28/2023,82.22
31R060,P.S. 060 ALICE AUSTEN,2/28/2023,87.94
31R061,I.S. 061 WILLIAM A MORRIS,2/28/2023,78.08
31R062,THE KATHLEEN GRIMM SCHOOL FOR LEADERSHIP AND SUSTA,2/28/2023,93.01
31R063,MARSH AVENUE SCHOOL FOR EXPEDITIONARY LEARNING,2/28/2023,88.27
31R064,GAYNOR MCCOWN EXPEDITIONARY LEARNING SCHOOL,2/28/2023,85.43
31R065,P.S. 65 THE ACADEMY OF INNOVATIVE LEARNING,2/28/2023,90.33
31R066,THE RICHMOND PRE K CENTER,2/28/2023,74.57
31R068,PORT RICHMOND SCHOOL FOR VISIONARY LEARNING,2/28/2023,84.26
31R069,P.S. 069 DANIEL D. TOMPKINS,2/28/2023,89.91
31R072,I.S. 072 ROCCO LAURIE,2/28/2023,86.27
31R074,P.S. 74 FUTURE LEADERS ELEMENTARY SCHOOL,2/28/2023,78.29
31R075,I.S. 075 FRANK D. PAULO,2/28/2023,91.17
31R078,P.S. 78,2/28/2023,82.15
31R080,THE MICHAEL J. PETRIDES SCHOOL,2/28/2023,83.40
31R084,THE WAVERLY ACADEMY OF EMPOWERED LEARNERS,2/28/2023,80.43
31R085,THE YOUNG WOMENS LEADERSHIP SCHOOL OF STATEN ISLA,2/28/2023,90.16
31R440,NEW DORP HIGH SCHOOL,2/28/2023,75.00
31R445,PORT RICHMOND HIGH SCHOOL,2/28/2023,64.87
31R450,CURTIS HIGH SCHOOL,2/28/2023,68.16
31R455,TOTTENVILLE HIGH SCHOOL,2/28/2023,82.08
31R460,SUSAN E. WAGNER HIGH SCHOOL,2/28/2023,77.86
31R470,CONCORD HIGH SCHOOL,2/28/2023,45.91
31R600,RALPH R. MCKEE CAREER AND TECHNICAL EDUCATION HIGH,2/28/2023,70.78
31R605,STATEN ISLAND TECHNICAL HIGH SCHOOL,2/28/2023,96.28
31R861,STATEN ISLAND SCHOOL OF CIVIC LEADERSHIP,2/28/2023,83.27
32K045,P.S. I.S. 045 HORACE E. GREENE,2/28/2023,86.90
32K075,P.S. 075 MAYDA CORTIELLA,2/28/2023,81.62
32K086,P.S. 086 THE IRVINGTON,2/28/2023,89.33
32K106,P.S. 106 EDWARD EVERETT HALE,2/28/2023,83.60
32K116,P.S. 116 ELIZABETH L FARRELL,2/28/2023,82.60
32K123,P.S. 123 SUYDAM,2/28/2023,85.38
32K145,P.S. 145 ANDREW JACKSON,2/28/2023,86.02
32K151,P.S. 151 LYNDON B. JOHNSON,2/28/2023,90.55
32K162,J.H.S. 162 THE WILLOUGHBY,2/28/2023,88.65
32K168,THE BROOKLYN SCHOOL FOR MATH AND RESEARCH,2/28/2023,81.08
32K274,P.S. 274 KOSCIUSKO,2/28/2023,78.00
32K291,J.H.S. 291 ROLAND HAYES,2/28/2023,87.84
32K299,P.S. 299 THOMAS WARREN FIELD,2/28/2023,85.20
32K347,I.S. 347 SCHOOL OF HUMANITIES,2/28/2023,85.28
32K349,"I.S. 349 MATH, SCIENCE   TECH.",2/28/2023,86.22
32K376,P.S. 376,2/28/2023,82.66
32K377,P.S. 377 ALEJANDRINA B. DE GAUTIER,2/28/2023,86.08
32K383,J.H.S. 383 PHILIPPA SCHUYLER,2/28/2023,84.68
32K384,P.S.  I.S. 384 FRANCES E. CARTER,2/28/2023,83.62
32K403,ACADEMY FOR EXCELLENCE IN LEADERSHIP,2/28/2023,74.82
32K545,EBC HIGH SCHOOL FOR PUBLIC SERVICE   BUSHWICK,2/28/2023,65.18
32K549,THE BROOKLYN SCHOOL FOR SOCIAL JUSTICE,2/28/2023,58.00
32K552,THE ACADEMY OF URBAN PLANNING AND ENGINEERING,2/28/2023,73.48
32K554,ALL CITY LEADERSHIP SECONDARY SCHOOL,2/28/2023,89.83
32K556,BUSHWICK LEADERS HIGH SCHOOL FOR ACADEMIC EXCELLEN,2/28/2023,59.73
32K562,EVERGREEN MIDDLE SCHOOL FOR URBAN EXPLORATION,2/28/2023,92.45
32K564,BUSHWICK COMMUNITY HIGH SCHOOL,2/28/2023,45.45
75K004,P.S. K004,2/28/2023,79.05
75K036,P.S. 36,2/28/2023,70.60
75K053,P.S. K053,2/28/2023,80.58
75K077,P.S. K077,2/28/2023,81.67
75K140,P.S. K140,2/28/2023,76.79
75K141,P.S. K141,2/28/2023,77.77
75K231,P.S. K231,2/28/2023,88.99
75K368,P.S. 368,2/28/2023,64.88
75K369,P.S. K369   COY L. COX SCHOOL,2/28/2023,77.07
75K370,P.S. 370,2/28/2023,89.76
75K371,P.S. 371   LILLIAN L. RASHKIS,2/28/2023,58.51
75K372,P.S. 372  THE CHILDREN S SCHOOL,2/28/2023,84.89
75K373,P.S. 373   BROOKLYN TRANSITION CENTER,2/28/2023,67.68
75K396,SID MILLER ACADEMY,2/28/2023,74.94
75K721,P.S. K721   BROOKLYN OCCUPATIONAL TRAINING CENTER,2/28/2023,76.61
75K753,P.S. K753   SCHOOL FOR CAREER DEVELOPMENT,2/28/2023,NS
75K771,P.S. K771,2/28/2023,79.15
75K811,P.S. K811 CONNIE LEKAS SCHOOL,2/28/2023,75.90
75M035,P.S. 035,2/28/2023,66.95
75M079,P.S. M079   HORAN SCHOOL,2/28/2023,59.82
75M094,P.S. M094,2/28/2023,77.80
75M138,P.S. 138,2/28/2023,67.85
75M169,P.S. M169   ROBERT F. KENNEDY,2/28/2023,75.86
75M226,P.S. M226,2/28/2023,78.21
75M721,P.S. M721   MANHATTAN OCCUPATIONAL TRAINING CENTER,2/28/2023,67.35
75M751,MANHATTAN SCHOOL FOR CAREER DEVELOPMENT,2/28/2023,69.81
75M811,P.S. M811   MICKEY MANTLE SCHOOL,2/28/2023,74.22
75Q004,P.S. Q004,2/28/2023,79.40
75Q009,P.S. 009,2/28/2023,73.26
75Q023,P.S. Q023   QUEENS CHILDREN CENTER,2/28/2023,73.31
75Q075,ROBERT E. PEARY SCHOOL,2/28/2023,75.40
75Q177,P.S. Q177,2/28/2023,80.50
75Q224,P.S. Q224,2/28/2023,83.47
75Q233,P.S. Q233,2/28/2023,78.92
75Q255,P.S. Q255,2/28/2023,82.85
75Q256,P.S. Q256,2/28/2023,66.84
75Q277,THE RIVERVIEW SCHOOL,2/28/2023,81.11
75Q721,JOHN F. KENNEDY JR. SCHOOL,2/28/2023,75.89
75Q752,QUEENS TRANSITION CENTER,2/28/2023,63.07
75Q811,P.S. Q811,2/28/2023,71.91
75Q993,P.S. Q993,2/28/2023,77.04
75R025,SOUTH RICHMOND HIGH SCHOOL I.S. P.S. 25,2/28/2023,73.51
75R037,THE DAVID MARQUIS SCHOOL OF THE ARTS,2/28/2023,85.25
75R373,P.S. R373,2/28/2023,79.72
75R721,THE RICHARD H. HUNGERFORD SCHOOL,2/28/2023,84.10
75X010,P.S. X010,2/28/2023,62.83
75X012,P.S. X012 LEWIS AND CLARK SCHOOL,2/28/2023,66.43
75X017,P.S. X017,2/28/2023,67.48
75X168,P.S. 168,2/28/2023,67.16
75X176,P.S. X176,2/28/2023,68.16
75X186,P186X WALTER J. DAMROSCH SCHOOL,2/28/2023,65.05
75X188,P.S. X188,2/28/2023,69.84
75X352,THE VIDA BOGART SCHOOL FOR ALL CHILDREN,2/28/2023,77.28
75X469,THE BRONX SCHOOL FOR CONTINUOUS LEARNERS,2/28/2023,NS
75X596,P.S. X596,2/28/2023,71.80
75X721,P.S. X721   STEPHEN MCSWEENEY SCHOOL,2/28/2023,62.98
75X723,P.S. 723,2/28/2023,70.60
75X754,J. M. RAPPORT SCHOOL CAREER DEVELOPMENT,2/28/2023,44.24
75X811,P.S. X811,2/28/2023,55.47
